GO_NO_GO,ID,Established,Ageyrs,Agemonths,Sector,Internet1,ITampEnterpriseSoftware2,communication3,SWMisc4,Semi5,SeedDealDate,SeedAmountRaisedM$,SeedValuationM$,SeedPost$Valuation,SeedInv.Type_0VC_1Angel,VCinvestedinSeed,SeedInvRegion_0israel_1others,Seed_inv_region_Israel,SeedBODsize,Seedvs.establishedTimeYrs,Seedvs.establishedTime_months,IsCEO_PhD,IsCTO_PhD,IsCEOandCTOPhD,Seed_PhD,Seed_MBA,Seed_AVG_Exp,Seed_Avg_Endo,Seed_Total_Exp,Seed_Total_Endo,ADealDate,A_AmountRaisedM$,AValuationM$,APost$Valuation,AInv.Type0VC1Angel,VCinvestedinA,AInvRegion0Israel1Others,A_inv_region_Israel,ABODsize,TimebetweenSeedandA,Avs.establishedTimeYrs,Avs.establishedTime_months,A_PhD,A_MBA,A_Avg_Exp,A_Avg_Endo,A_Total_Exp,A_Total_Endo,Sector_new,filter_$
0,1006,2014,6.000000000000000,72.000000000000000,Internet,1,0,0,0,0,,,,,,,,,1,,,0,0,,0.00%,0.00%,9.000000000000000,44.000000000000000,9,44,,,,,,,,,,,,,,,,,,,1.00,0
0,1012,2014,6.000000000000000,72.000000000000000,Internet,1,0,0,0,0,,,,,,,,,2,,,0,0,,0.00%,50.00%,24.500000000000000,31.500000000000000,49,63,,,,,,,,,,,,,,,,,,,1.00,0
0,1017,2014,6.000000000000000,72.000000000000000,Internet,1,0,0,0,0,,,,,,,,,4,,,1,0,,25.00%,25.00%,17.500000000000000,123.500000000000000,70,494,,,,,,,,,,,,,,,,,,,1.00,0
0,1018,2014,6.000000000000000,72.000000000000000,Internet,1,0,0,0,0,,,,,,,,,2,,,0,0,,0.00%,0.00%,8.000000000000000,273.000000000000000,16,546,,,,,,,,,,,,,,,,,,,1.00,0
0,1019,2014,6.000000000000000,72.000000000000000,Internet,1,0,0,0,0,,,,,,,,,2,,,0,0,,0.00%,0.00%,13.000000000000000,235.000000000000000,26,470,,,,,,,,,,,,,,,,,,,1.00,0
0,1020,2014,6.000000000000000,72.000000000000000,Internet,1,0,0,0,0,,,,,,,,,2,,,0,0,,0.00%,0.00%,7.000000000000000,200.500000000000000,14,401,,,,,,,,,,,,,,,,,,,1.00,0
0,1022,2014,6.000000000000000,72.000000000000000,Internet,1,0,0,0,0,,,,,,,,,1,,,0,0,,0.00%,0.00%,11.000000000000000,595.000000000000000,11,595,,,,,,,,,,,,,,,,,,,1.00,0
0,1023,2014,6.000000000000000,72.000000000000000,Internet,1,0,0,0,0,,,,,,,,,2,,,0,0,,0.00%,50.00%,10.500000000000000,175.500000000000000,21,351,,,,,,,,,,,,,,,,,,,1.00,0
0,1024,2014,6.000000000000000,72.000000000000000,Internet,1,0,0,0,0,,,,,,,,,4,,,0,0,,0.00%,0.00%,13.500000000000000,481.250000000000000,54,1925,,,,,,,,,,,,,,,,,,,1.00,0
0,1025,2014,6.000000000000000,72.000000000000000,Internet,1,0,0,0,0,,,,,,,,,1,,,0,0,,0.00%,0.00%,19.000000000000000,731.000000000000000,19,731,,,,,,,,,,,,,,,,,,,1.00,0
0,1032,2014,6.000000000000000,72.000000000000000,Internet,1,0,0,0,0,,,,,,,,,3,,,0,0,,0.00%,33.33%,13.333333333333300,63.666666666666700,40,191,,,,,,,,,,,,,,,,,,,1.00,0
0,1033,2014,6.000000000000000,72.000000000000000,Internet,1,0,0,0,0,,,,,,,,,3,,,0,0,,0.00%,0.00%,6.333333333333330,130.333333333333000,19,391,,,,,,,,,,,,,,,,,,,1.00,0
0,1069,2014,6.000000000000000,72.000000000000000,Internet,1,0,0,0,0,,,,,,,,,2,,,0,0,,0.00%,0.00%,12.500000000000000,0.000000000000000,25,0,,,,,,,,,,,,,,,,,,,1.00,0
0,1070,2014,6.000000000000000,72.000000000000000,Internet,1,0,0,0,0,,,,,,,,,1,,,0,0,,0.00%,0.00%,12.000000000000000,62.000000000000000,12,62,,,,,,,,,,,,,,,,,,,1.00,0
0,1071,2014,6.000000000000000,72.000000000000000,Internet,1,0,0,0,0,,,,,,,,,1,,,0,0,,0.00%,100.00%,21.000000000000000,199.000000000000000,21,199,,,,,,,,,,,,,,,,,,,1.00,0
0,1072,2014,6.000000000000000,72.000000000000000,Internet,1,0,0,0,0,,,,,,,,,1,,,0,0,,0.00%,0.00%,9.000000000000000,0.000000000000000,9,0,,,,,,,,,,,,,,,,,,,1.00,0
0,1074,2014,6.000000000000000,72.000000000000000,Internet,1,0,0,0,0,,,,,,,,,2,,,0,0,,0.00%,100.00%,16.000000000000000,163.500000000000000,32,327,,,,,,,,,,,,,,,,,,,1.00,0
0,1075,2014,6.000000000000000,72.000000000000000,Internet,1,0,0,0,0,,,,,,,,,1,,,0,0,,0.00%,0.00%,36.000000000000000,425.000000000000000,36,425,,,,,,,,,,,,,,,,,,,1.00,0
0,1078,2014,6.000000000000000,72.000000000000000,Internet,1,0,0,0,0,,,,,,,,,2,,,0,0,,0.00%,0.00%,8.500000000000000,126.500000000000000,17,253,,,,,,,,,,,,,,,,,,,1.00,0
0,1079,2014,6.000000000000000,72.000000000000000,Internet,1,0,0,0,0,,,,,,,,,2,,,0,0,,0.00%,0.00%,14.000000000000000,452.000000000000000,28,904,,,,,,,,,,,,,,,,,,,1.00,0
0,1083,2014,6.000000000000000,72.000000000000000,Internet,1,0,0,0,0,,,,,,,,,2,,,0,0,,0.00%,0.00%,8.000000000000000,205.500000000000000,16,411,,,,,,,,,,,,,,,,,,,1.00,0
0,1084,2014,6.000000000000000,72.000000000000000,Internet,1,0,0,0,0,,,,,,,,,2,,,0,0,,0.00%,0.00%,10.500000000000000,48.500000000000000,21,97,,,,,,,,,,,,,,,,,,,1.00,0
0,1088,2014,6.000000000000000,72.000000000000000,Internet,1,0,0,0,0,,,,,,,,,1,,,0,0,,0.00%,0.00%,53.000000000000000,458.000000000000000,53,458,,,,,,,,,,,,,,,,,,,1.00,0
0,1089,2014,6.000000000000000,72.000000000000000,Internet,1,0,0,0,0,,,,,,,,,4,,,0,0,,0.00%,25.00%,17.250000000000000,359.500000000000000,69,1438,,,,,,,,,,,,,,,,,,,1.00,0
0,1093,2014,6.000000000000000,72.000000000000000,Internet,1,0,0,0,0,,,,,,,,,1,,,0,0,,0.00%,0.00%,6.000000000000000,3.000000000000000,6,3,,,,,,,,,,,,,,,,,,,1.00,0
0,1094,2014,6.000000000000000,72.000000000000000,Internet,1,0,0,0,0,,,,,,,,,3,,,0,0,,0.00%,0.00%,5.333333333333330,121.000000000000000,16,363,,,,,,,,,,,,,,,,,,,1.00,0
0,1096,2014,6.000000000000000,72.000000000000000,Internet,1,0,0,0,0,,,,,,,,,2,,,0,0,,0.00%,0.00%,14.000000000000000,231.000000000000000,28,462,,,,,,,,,,,,,,,,,,,1.00,0
0,1108,2014,6.000000000000000,72.000000000000000,Internet,1,0,0,0,0,,,,,,,,,1,,,0,0,,0.00%,0.00%,14.000000000000000,928.000000000000000,14,928,,,,,,,,,,,,,,,,,,,1.00,0
0,1109,2014,6.000000000000000,72.000000000000000,Internet,1,0,0,0,0,,,,,,,,,2,,,0,0,,0.00%,50.00%,5.000000000000000,56.500000000000000,10,113,,,,,,,,,,,,,,,,,,,1.00,0
0,1110,2014,6.000000000000000,72.000000000000000,Internet,1,0,0,0,0,,,,,,,,,2,,,0,0,,0.00%,0.00%,26.000000000000000,273.500000000000000,52,547,,,,,,,,,,,,,,,,,,,1.00,0
0,1111,2014,6.000000000000000,72.000000000000000,Internet,1,0,0,0,0,,,,,,,,,4,,,0,0,,0.00%,0.00%,17.500000000000000,460.250000000000000,70,1841,,,,,,,,,,,,,,,,,,,1.00,0
0,1113,2014,6.000000000000000,72.000000000000000,Internet,1,0,0,0,0,,,,,,,,,3,,,0,0,,0.00%,66.67%,22.000000000000000,128.000000000000000,66,384,,,,,,,,,,,,,,,,,,,1.00,0
0,1114,2014,6.000000000000000,72.000000000000000,Internet,1,0,0,0,0,,,,,,,,,2,,,1,0,,50.00%,50.00%,6.000000000000000,74.500000000000000,12,149,,,,,,,,,,,,,,,,,,,1.00,0
0,1117,2014,6.000000000000000,72.000000000000000,Internet,1,0,0,0,0,,,,,,,,,2,,,0,0,,0.00%,0.00%,7.000000000000000,11.500000000000000,14,23,,,,,,,,,,,,,,,,,,,1.00,0
0,1119,2014,6.000000000000000,72.000000000000000,Internet,1,0,0,0,0,,,,,,,,,3,,,0,0,,0.00%,0.00%,3.666666666666670,3.666666666666670,11,11,,,,,,,,,,,,,,,,,,,1.00,0
0,1120,2014,6.000000000000000,72.000000000000000,Internet,1,0,0,0,0,,,,,,,,,4,,,0,0,,0.00%,75.00%,13.500000000000000,212.250000000000000,54,849,,,,,,,,,,,,,,,,,,,1.00,0
0,1121,2014,6.000000000000000,72.000000000000000,Internet,1,0,0,0,0,,,,,,,,,1,,,0,0,,0.00%,0.00%,19.000000000000000,1487.000000000000000,19,1487,,,,,,,,,,,,,,,,,,,1.00,0
0,1124,2014,6.000000000000000,72.000000000000000,Internet,1,0,0,0,0,,,,,,,,,1,,,0,0,,0.00%,0.00%,16.000000000000000,91.000000000000000,16,91,,,,,,,,,,,,,,,,,,,1.00,0
0,1125,2014,6.000000000000000,72.000000000000000,Internet,1,0,0,0,0,,,,,,,,,1,,,0,0,,0.00%,0.00%,21.000000000000000,26.000000000000000,21,26,,,,,,,,,,,,,,,,,,,1.00,0
0,1127,2014,6.000000000000000,72.000000000000000,Internet,1,0,0,0,0,,,,,,,,,2,,,0,0,,0.00%,0.00%,24.000000000000000,93.500000000000000,48,187,,,,,,,,,,,,,,,,,,,1.00,0
0,1128,2014,6.000000000000000,72.000000000000000,Internet,1,0,0,0,0,,,,,,,,,1,,,0,0,,0.00%,0.00%,16.000000000000000,325.000000000000000,16,325,,,,,,,,,,,,,,,,,,,1.00,0
0,1129,2014,6.000000000000000,72.000000000000000,Internet,1,0,0,0,0,,,,,,,,,3,,,0,0,,0.00%,33.33%,14.000000000000000,600.333333333333000,42,1801,,,,,,,,,,,,,,,,,,,1.00,0
0,1132,2014,6.000000000000000,72.000000000000000,Internet,1,0,0,0,0,,,,,,,,,2,,,0,0,,0.00%,0.00%,20.500000000000000,0.000000000000000,41,0,,,,,,,,,,,,,,,,,,,1.00,0
0,1133,2014,6.000000000000000,72.000000000000000,Internet,1,0,0,0,0,,,,,,,,,3,,,0,0,,0.00%,33.33%,14.000000000000000,81.666666666666700,42,245,,,,,,,,,,,,,,,,,,,1.00,0
0,1134,2014,6.000000000000000,72.000000000000000,Internet,1,0,0,0,0,,,,,,,,,2,,,0,0,,0.00%,50.00%,7.500000000000000,118.500000000000000,15,237,,,,,,,,,,,,,,,,,,,1.00,0
0,1142,2014,6.000000000000000,72.000000000000000,Internet,1,0,0,0,0,,,,,,,,,3,,,0,0,,0.00%,0.00%,13.000000000000000,72.666666666666700,39,218,,,,,,,,,,,,,,,,,,,1.00,0
0,1143,2014,6.000000000000000,72.000000000000000,Internet,1,0,0,0,0,,,,,,,,,2,,,0,0,,0.00%,0.00%,17.500000000000000,93.500000000000000,35,187,,,,,,,,,,,,,,,,,,,1.00,0
0,1014,2014,6.000000000000000,72.000000000000000,Internet,1,0,0,0,0,,,,,,,,,2,,,0,0,,0.00%,0.00%,9.000000000000000,88.000000000000000,18,176,,,,,,,,,,,,,,,,,,,1.00,0
0,1029,2014,6.000000000000000,72.000000000000000,Internet,1,0,0,0,0,,,,,,,,,2,,,0,0,,0.00%,0.00%,23.500000000000000,136.000000000000000,47,272,,,,,,,,,,,,,,,,,,,1.00,0
0,1126,2014,6.000000000000000,72.000000000000000,Internet,1,0,0,0,0,,,,,,,,,2,,,0,0,,0.00%,0.00%,13.000000000000000,532.000000000000000,26,1064,,,,,,,,,,,,,,,,,,,1.00,0
0,1026,2014,6.000000000000000,72.000000000000000,Internet,1,0,0,0,0,,,,,,,,,2,,,0,0,,0.00%,0.00%,21.000000000000000,415.000000000000000,42,830,,,,,,,,,,,,,,,,,,,1.00,0
0,1046,2014,6.000000000000000,72.000000000000000,Internet,1,0,0,0,0,,,,,,,,,3,,,0,0,,0.00%,0.00%,5.333333333333330,126.000000000000000,16,378,,,,,,,,,,,,,,,,,,,1.00,0
0,1009,2014,6.000000000000000,72.000000000000000,Internet,1,0,0,0,0,,,,,,,,,1,,,0,0,,0.00%,0.00%,16.000000000000000,166.000000000000000,16,166,,,,,,,,,,,,,,,,,,,1.00,0
0,1073,2014,6.000000000000000,72.000000000000000,Internet,1,0,0,0,0,,,,,,,,,1,,,0,0,,0.00%,0.00%,12.000000000000000,250.000000000000000,12,250,,,,,,,,,,,,,,,,,,,1.00,0
0,1061,2014,6.000000000000000,72.000000000000000,Internet,1,0,0,0,0,,,,,,,,,2,,,0,0,,0.00%,0.00%,13.000000000000000,258.000000000000000,26,516,,,,,,,,,,,,,,,,,,,1.00,0
0,1150,2014,6.000000000000000,72.000000000000000,Internet,1,0,0,0,0,,,,,,,,,3,,,0,0,,0.00%,0.00%,3.333333333333330,0.000000000000000,10,0,,,,,,,,,,,,,,,,,,,1.00,0
1,28,39448,13.204654346338100,158.455852156057000,1,1,0,0,0,0,1-Apr-08,0.250,5.000000000000000,4.76%,1,0,0,1,3,0.249144421629021,2.989733059548250,0,0,0,0.00%,0.00%,17.333333333333300,128.666666666667000,52,386,1-Apr-10,2.500000000000000,12.00,17.24%,1,0,0,1,3,2.027777777777780,2.247775496235460,26.973305954825500,0.00%,0.00%,17.333333333333300,128.666666666667000,52.00,386,1.00,0
1,47,42370,5.204654346338120,62.455852156057500,1,1,0,0,0,0,7-Jul-17,2.400,5.600000000000000,30.00%,1,0,0,1,3,1.514031485284050,18.168377823408600,0,0,0,0.00%,0.00%,16.333333333333300,245.333333333333000,49,736,21-Nov-18,0.100000000000000,7.00,1.41%,1,0,0,1,3,1.394444444444440,2.888432580424370,34.661190965092400,0.00%,0.00%,16.333333333333300,245.333333333333000,49.00,736,1.00,0
1,119,41275,8.202600958247770,98.431211498973300,1,1,0,0,0,0,29-Apr-14,7.500,32.500000000000000,18.75%,0,1,0,1,3,1.322381930184800,15.868583162217700,0,0,0,0.00%,0.00%,52.333333333333300,622.333333333333000,157,1867,20-Jun-16,0.200000000000000,80.00,0.25%,0,1,0,1,3,2.175000000000000,3.466119096509240,41.593429158110900,0.00%,0.00%,52.333333333333300,622.333333333333000,157.00,1867,1.00,0
1,160,41640,7.203285420944560,86.439425051334700,1,1,0,0,0,0,1-Aug-15,3.900,11.000000000000000,26.17%,1,0,0,1,6,1.579739904175220,18.956878850102700,0,0,0,0.00%,33.33%,35.166666666666700,316.166666666667000,211,1897,30-Aug-16,5.000000000000000,24.00,17.24%,1,0,0,1,6,1.097222222222220,2.661190965092400,31.934291581108800,0.00%,33.33%,35.166666666666700,316.166666666667000,211.00,1897,1.00,0
1,193,40179,11.203285420944600,134.439425051335000,1,1,0,0,0,0,1-Aug-10,0.100,0.400000000000000,20.00%,1,0,0,1,2,0.580424366872005,6.965092402464070,0,0,0,0.00%,0.00%,25.000000000000000,196.000000000000000,50,392,1-Sep-14,0.250000000000000,4.75,5.00%,1,0,0,1,2,4.144444444444440,4.665297741273100,55.983572895277200,0.00%,0.00%,25.000000000000000,196.000000000000000,50.00,392,1.00,0
1,201,38353,16.202600958247800,194.431211498973000,1,1,0,0,0,0,25-Mar-07,0.500,1.500000000000000,25.00%,0,1,0,1,2,2.225872689938400,26.710472279260800,0,0,0,0.00%,0.00%,22.500000000000000,61.500000000000000,45,123,30-Dec-07,0.700000000000000,2.50,21.88%,0,1,0,1,2,0.777777777777778,2.992470910335390,35.909650924024600,0.00%,0.00%,22.500000000000000,61.500000000000000,45.00,123,1.00,0
1,224,42736,4.202600958247780,50.431211498973300,1,1,0,0,0,0,1-Jul-17,2.200,6.000000000000000,26.83%,1,0,0,1,6,0.495550992470910,5.946611909650920,0,0,0,0.00%,0.00%,14.000000000000000,199.666666666667000,84,1198,1-Mar-19,1.000000000000000,10.80,8.47%,1,0,0,1,6,1.688888888888890,2.160164271047230,25.921971252566700,0.00%,0.00%,14.000000000000000,199.666666666667000,84.00,1198,1.00,0
1,360,41275,8.202600958247770,98.431211498973300,1,1,0,0,0,0,13-Mar-15,0.200,1.000000000000000,16.67%,0,1,0,1,2,2.193018480492810,26.316221765913800,0,0,0,0.00%,0.00%,28.500000000000000,132.000000000000000,57,264,13-Mar-17,0.600000000000000,3.00,16.67%,1,0,0,1,2,2.030555555555560,4.194387405886380,50.332648870636600,0.00%,0.00%,28.500000000000000,132.000000000000000,57.00,264,1.00,0
1,431,40544,10.203969883641300,122.447638603696000,1,1,0,0,0,0,21-Jun-11,0.500,3.000000000000000,14.29%,1,0,0,1,5,0.468172484599589,5.618069815195070,0,0,0,0.00%,20.00%,8.200000000000000,128.000000000000000,41,640,10-May-15,5.000000000000000,15.00,25.00%,0,1,0,1,6,3.941666666666670,4.353182751540040,52.238193018480500,0.00%,16.67%,12.833333333333300,169.000000000000000,77.00,1014,1.00,0
1,450,39814,12.202600958247800,146.431211498973000,1,1,0,0,0,0,29-Aug-12,5.000,25.000000000000000,16.67%,0,1,0,1,1,3.657768651608490,43.893223819301900,1,0,0,100.00%,0.00%,121.000000000000000,153.000000000000000,121,153,29-Aug-13,20.000000000000000,100.00,16.67%,0,1,0,1,3,1.013888888888890,4.657084188911700,55.885010266940500,33.33%,0.00%,40.333333333333300,466.666666666667000,121.00,1400,1.00,0
1,471,35065,25.204654346338100,302.455852156058000,1,1,0,0,0,0,1-Jan-97,0.200,1.000000000000000,16.67%,0,1,0,1,3,1.002053388090350,12.024640657084200,0,0,0,0.00%,0.00%,2.666666666666670,48.666666666666700,8,146,1-Nov-98,1.000000000000000,5.00,16.67%,0,1,0,1,4,1.858333333333330,2.833675564681720,34.004106776180700,0.00%,0.00%,4.000000000000000,73.000000000000000,16.00,292,1.00,0
1,531,39448,13.204654346338100,158.455852156057000,1,1,0,0,0,0,,1.000,5.000000000000000,16.67%,0,1,0,1,7,1.290000000000000,15.480000000000000,0,0,0,0.00%,42.86%,32.714285714285700,282.428571428571000,229,1977,18-May-09,3.500000000000000,14.00,20.00%,1,0,0,1,7,2.080000000000000,1.377138945927450,16.525667351129400,0.00%,42.86%,32.714285714285700,282.428571428571000,229.00,1977,1.00,0
1,547,36526,21.204654346338100,254.455852156057000,1,1,0,0,0,0,12-Jan-03,0.100,2.100000000000000,4.55%,1,0,0,1,5,3.030800821355240,36.369609856262800,0,0,0,0.00%,0.00%,19.800000000000000,144.400000000000000,99,722,1-Oct-05,1.700000000000000,5.00,25.37%,1,0,0,1,6,2.758333333333330,5.749486652977410,68.993839835728900,0.00%,0.00%,21.000000000000000,166.166666666667000,126.00,997,1.00,0
1,550,40909,9.204654346338120,110.455852156057000,1,1,0,0,0,0,1-Dec-12,0.800,4.000000000000000,16.67%,0,1,0,1,5,0.917180013689254,11.006160164271000,0,0,0,0.00%,20.00%,19.800000000000000,190.200000000000000,99,951,16-Jun-14,3.000000000000000,15.00,16.67%,1,0,0,1,5,1.561111111111110,2.455852156057500,29.470225872689900,0.00%,20.00%,19.800000000000000,190.200000000000000,99.00,951,1.00,0
1,553,33604,29.204654346338100,350.455852156058000,1,1,0,0,0,0,1-Jan-92,0.100,1.000000000000000,9.09%,0,1,0,1,5,1.290000000000000,15.480000000000000,0,0,0,0.00%,20.00%,20.600000000000000,209.400000000000000,103,1047,1-Aug-99,5.000000000000000,16.00,23.81%,0,1,0,1,5,7.691666666666670,7.581108829568790,90.973305954825500,0.00%,20.00%,20.600000000000000,209.400000000000000,103.00,1047,1.00,0
1,556,40544,10.203969883641300,122.447638603696000,1,1,0,0,0,0,1-Dec-11,0.725,4.000000000000000,15.34%,0,1,0,1,4,0.914442162902122,10.973305954825500,0,0,0,0.00%,25.00%,24.750000000000000,211.500000000000000,99,846,1-Dec-12,3.200000000000000,12.00,21.05%,1,0,0,1,4,1.016666666666670,1.916495550992470,22.997946611909700,0.00%,25.00%,24.750000000000000,211.500000000000000,99.00,846,1.00,0
1,573,40544,10.203969883641300,122.447638603696000,1,1,0,0,0,0,2-Mar-12,0.100,2.500000000000000,3.85%,1,0,0,1,3,1.166324435318280,13.995893223819300,0,0,0,0.00%,33.33%,21.666666666666700,296.000000000000000,65,888,20-Aug-13,1.200000000000000,3.00,28.57%,1,0,0,1,5,1.488888888888890,2.633812457221080,31.605749486653000,0.00%,20.00%,26.200000000000000,487.800000000000000,131.00,2439,1.00,0
1,580,41275,8.202600958247770,98.431211498973300,1,1,0,0,0,0,1-Jan-13,2.000,8.000000000000000,20.00%,1,0,0,1,5,1.290000000000000,15.480000000000000,0,0,0,0.00%,40.00%,26.200000000000000,401.000000000000000,131,2005,1-Oct-14,3.500000000000000,14.00,20.00%,0,1,0,1,5,1.772222222222220,1.746748802190280,20.960985626283400,0.00%,40.00%,26.200000000000000,401.000000000000000,131.00,2005,1.00,0
1,590,41640,7.203285420944560,86.439425051334700,1,1,0,0,0,0,9-Feb-16,4.400,9.650000000000000,31.32%,1,0,0,1,6,2.105407255304590,25.264887063655000,0,0,0,0.00%,16.67%,20.333333333333300,234.000000000000000,122,1404,14-Nov-17,7.000000000000000,15.00,31.82%,1,0,0,1,7,1.788888888888890,3.868583162217660,46.422997946611900,0.00%,14.29%,24.000000000000000,247.571428571429000,168.00,1733,1.00,0
1,593,40909,9.204654346338120,110.455852156057000,1,1,0,0,0,0,1-Sep-12,0.250,3.000000000000000,7.69%,1,0,0,1,6,0.668035592060233,8.016427104722790,0,0,0,0.00%,66.67%,22.833333333333300,357.166666666667000,137,2143,22-Sep-14,10.000000000000000,40.00,20.00%,1,0,1,0,6,2.086111111111110,2.724161533196440,32.689938398357300,0.00%,66.67%,22.833333333333300,357.166666666667000,137.00,2143,1.00,0
1,605,39083,14.203969883641300,170.447638603696000,1,1,0,0,0,0,1-Jun-07,0.125,2.000000000000000,5.88%,1,0,0,1,7,0.413415468856947,4.960985626283370,0,0,0,0.00%,14.29%,31.428571428571400,587.857142857143000,220,4115,5-Mar-08,3.200000000000000,8.00,28.57%,0,1,0,1,7,0.772222222222222,1.174537987679670,14.094455852156100,0.00%,14.29%,31.428571428571400,587.857142857143000,220.00,4115,1.00,0
1,611,39814,12.202600958247800,146.431211498973000,1,1,0,0,0,0,15-Jan-10,3.000,12.000000000000000,20.00%,1,0,0,1,5,1.037645448323070,12.451745379876800,0,0,0,0.00%,20.00%,15.800000000000000,364.200000000000000,79,1821,1-Jan-12,15.000000000000000,50.00,23.08%,1,0,0,1,5,1.988888888888890,2.997946611909650,35.975359342915800,0.00%,20.00%,15.800000000000000,364.200000000000000,79.00,1821,1.00,0
1,614,39814,12.202600958247800,146.431211498973000,1,1,0,0,0,0,,1.000,3.000000000000000,25.00%,0,1,0,1,7,1.290000000000000,15.480000000000000,0,0,0,0.00%,28.57%,30.428571428571400,192.428571428571000,213,1347,16-Feb-11,3.200000000000000,7.00,31.37%,1,0,0,1,7,2.080000000000000,2.124572210814510,25.494866529774100,0.00%,28.57%,30.428571428571400,192.428571428571000,213.00,1347,1.00,0
1,620,38718,15.203285420944600,182.439425051335000,1,1,0,0,0,0,1-Mar-07,2.100,8.000000000000000,20.79%,0,1,1,0,7,1.160848733744010,13.930184804928100,1,0,0,14.29%,42.86%,38.428571428571400,278.857142857143000,269,1952,18-Jun-08,12.000000000000000,20.00,37.50%,1,0,1,0,7,1.319444444444440,2.461327857631760,29.535934291581100,14.29%,42.86%,38.428571428571400,278.857142857143000,269.00,1952,1.00,0
1,623,38718,15.203285420944600,182.439425051335000,1,1,0,0,0,0,1-Oct-06,1.000,3.500000000000000,22.22%,1,0,0,1,2,0.747433264887064,8.969199178644760,0,0,0,0.00%,50.00%,20.500000000000000,145.500000000000000,41,291,10-Dec-07,4.000000000000000,16.00,20.00%,0,1,0,1,2,1.208333333333330,1.938398357289530,23.260780287474300,0.00%,50.00%,20.500000000000000,145.500000000000000,41.00,291,1.00,0
1,648,37622,18.203969883641300,218.447638603696000,1,1,0,0,0,0,1-Feb-05,2.000,6.000000000000000,25.00%,1,0,0,1,7,2.086242299794660,25.034907597535900,0,0,0,0.00%,0.00%,19.428571428571400,205.857142857143000,136,1441,1-Jun-06,3.000000000000000,11.00,21.43%,0,1,1,0,7,1.347222222222220,3.414099931553730,40.969199178644800,0.00%,0.00%,19.428571428571400,205.857142857143000,136.00,1441,1.00,0
1,754,39083,14.203969883641300,170.447638603696000,1,1,0,0,0,0,1-Oct-07,0.100,3.000000000000000,3.23%,1,0,0,1,6,0.747433264887064,8.969199178644760,0,0,0,0.00%,50.00%,37.333333333333300,609.666666666667000,224,3658,31-May-10,1.000000000000000,7.00,12.50%,1,0,1,0,8,2.702777777777780,3.411362080766600,40.936344969199200,0.00%,37.50%,39.250000000000000,627.125000000000000,314.00,5017,1.00,0
1,767,41275,8.202600958247770,98.431211498973300,1,1,0,0,0,0,,5.000,25.000000000000000,16.67%,0,1,0,1,4,1.290000000000000,15.480000000000000,0,1,0,25.00%,25.00%,31.250000000000000,174.000000000000000,125,696,1-Jun-14,10.000000000000000,60.00,14.29%,1,0,1,0,4,2.080000000000000,1.412731006160160,16.952772073922000,25.00%,25.00%,26.250000000000000,174.000000000000000,105.00,696,1.00,0
1,781,39083,14.203969883641300,170.447638603696000,1,1,0,0,0,0,1-Mar-07,1.000,4.000000000000000,20.00%,1,0,0,1,7,0.161533196440794,1.938398357289530,0,0,0,0.00%,14.29%,32.142857142857100,338.428571428571000,225,2369,1-Dec-08,8.000000000000000,22.00,26.67%,0,1,1,0,9,1.780555555555560,1.916495550992470,22.997946611909700,0.00%,11.11%,38.222222222222200,330.888888888889000,344.00,2978,1.00,0
1,786,38718,15.203285420944600,182.439425051335000,1,1,0,0,0,0,1-Oct-06,0.500,5.000000000000000,9.09%,0,1,0,1,7,0.747433264887064,8.969199178644760,0,0,0,0.00%,28.57%,36.285714285714300,485.000000000000000,254,3395,1-Jun-07,1.400000000000000,7.00,16.67%,0,1,0,1,7,0.675000000000000,1.412731006160160,16.952772073922000,0.00%,28.57%,36.285714285714300,485.000000000000000,254.00,3395,1.00,0
1,811,41640,7.203285420944560,86.439425051334700,1,1,0,0,0,0,29-Jan-15,2.200,5.000000000000000,30.56%,1,0,0,1,4,1.075975359342920,12.911704312115000,0,1,0,25.00%,25.00%,21.000000000000000,167.500000000000000,84,670,10-Apr-16,17.800000000000000,65.00,21.50%,1,0,0,1,4,1.213888888888890,2.272416153319640,27.268993839835700,25.00%,25.00%,21.000000000000000,167.500000000000000,84.00,670,1.00,0
1,843,39814,12.202600958247800,146.431211498973000,1,1,0,0,0,0,6-Sep-11,0.450,3.000000000000000,13.04%,0,1,0,1,5,2.677618069815200,32.131416837782300,0,0,0,0.00%,0.00%,26.600000000000000,349.000000000000000,133,1745,5-Jun-12,2.300000000000000,12.00,16.08%,0,1,0,1,6,0.758333333333333,3.425051334702260,41.100616016427100,0.00%,0.00%,27.000000000000000,346.666666666667000,162.00,2080,1.00,0
1,855,40544,10.203969883641300,122.447638603696000,1,1,0,0,0,0,23-May-11,0.600,3.000000000000000,16.67%,0,1,0,1,6,0.388774811772758,4.665297741273100,0,0,0,0.00%,16.67%,18.500000000000000,289.833333333333000,111,1739,14-Sep-12,1.500000000000000,7.00,17.65%,1,0,1,0,7,1.333333333333330,1.702943189596170,20.435318275154000,0.00%,14.29%,25.142857142857100,363.571428571429000,176.00,2545,1.00,0
0,1011,2009,11.000000000000000,132.000000000000000,IT & Enterprise Software,0,1,0,0,0,,,,,,,,,2,,,0,0,,0.00%,0.00%,10.000000000000000,0.000000000000000,20,0,,,,,,,,,,,,,,,,,,,2.00,0
0,1013,2009,11.000000000000000,132.000000000000000,IT & Enterprise Software,0,1,0,0,0,,,,,,,,,1,,,1,0,,100.00%,0.00%,16.000000000000000,119.000000000000000,16,119,,,,,,,,,,,,,,,,,,,2.00,0
0,1015,2009,11.000000000000000,132.000000000000000,IT & Enterprise Software,0,1,0,0,0,,,,,,,,,3,,,0,0,,0.00%,0.00%,8.000000000000000,339.333333333333000,24,1018,,,,,,,,,,,,,,,,,,,2.00,0
0,1016,2009,11.000000000000000,132.000000000000000,IT & Enterprise Software,0,1,0,0,0,,,,,,,,,1,,,0,0,,0.00%,0.00%,18.000000000000000,4.000000000000000,18,4,,,,,,,,,,,,,,,,,,,2.00,0
0,1037,2009,11.000000000000000,132.000000000000000,IT & Enterprise Software,0,1,0,0,0,,,,,,,,,1,,,0,0,,0.00%,0.00%,11.000000000000000,108.000000000000000,11,108,,,,,,,,,,,,,,,,,,,2.00,0
0,1038,2009,11.000000000000000,132.000000000000000,IT & Enterprise Software,0,1,0,0,0,,,,,,,,,1,,,0,0,,0.00%,0.00%,9.000000000000000,0.000000000000000,9,0,,,,,,,,,,,,,,,,,,,2.00,0
0,1039,2009,11.000000000000000,132.000000000000000,IT & Enterprise Software,0,1,0,0,0,,,,,,,,,2,,,0,0,,0.00%,0.00%,13.500000000000000,163.500000000000000,27,327,,,,,,,,,,,,,,,,,,,2.00,0
0,1040,2009,11.000000000000000,132.000000000000000,IT & Enterprise Software,0,1,0,0,0,,,,,,,,,2,,,0,0,,0.00%,50.00%,19.000000000000000,326.000000000000000,38,652,,,,,,,,,,,,,,,,,,,2.00,0
0,1041,2009,11.000000000000000,132.000000000000000,IT & Enterprise Software,0,1,0,0,0,,,,,,,,,3,,,1,0,,33.33%,0.00%,16.666666666666700,129.666666666667000,50,389,,,,,,,,,,,,,,,,,,,2.00,0
0,1042,2009,11.000000000000000,132.000000000000000,IT & Enterprise Software,0,1,0,0,0,,,,,,,,,2,,,0,0,,0.00%,0.00%,18.000000000000000,131.500000000000000,36,263,,,,,,,,,,,,,,,,,,,2.00,0
0,1044,2009,11.000000000000000,132.000000000000000,IT & Enterprise Software,0,1,0,0,0,,,,,,,,,1,,,0,0,,0.00%,100.00%,10.000000000000000,169.000000000000000,10,169,,,,,,,,,,,,,,,,,,,2.00,0
0,1045,2009,11.000000000000000,132.000000000000000,IT & Enterprise Software,0,1,0,0,0,,,,,,,,,3,,,0,0,,0.00%,33.33%,9.666666666666670,89.000000000000000,29,267,,,,,,,,,,,,,,,,,,,2.00,0
0,1049,2009,11.000000000000000,132.000000000000000,IT & Enterprise Software,0,1,0,0,0,,,,,,,,,1,,,0,0,,0.00%,0.00%,27.000000000000000,1418.000000000000000,27,1418,,,,,,,,,,,,,,,,,,,2.00,0
0,1048,2009,11.000000000000000,132.000000000000000,IT & Enterprise Software,0,1,0,0,0,,,,,,,,,1,,,0,0,,0.00%,0.00%,0.000000000000000,29.000000000000000,0,29,,,,,,,,,,,,,,,,,,,2.00,0
0,1051,2009,11.000000000000000,132.000000000000000,IT & Enterprise Software,0,1,0,0,0,,,,,,,,,2,,,0,0,,0.00%,0.00%,8.000000000000000,0.000000000000000,16,0,,,,,,,,,,,,,,,,,,,2.00,0
0,1053,2009,11.000000000000000,132.000000000000000,IT & Enterprise Software,0,1,0,0,0,,,,,,,,,1,,,0,0,,0.00%,0.00%,9.000000000000000,19.000000000000000,9,19,,,,,,,,,,,,,,,,,,,2.00,0
0,1054,2009,11.000000000000000,132.000000000000000,IT & Enterprise Software,0,1,0,0,0,,,,,,,,,3,,,0,0,,0.00%,0.00%,14.666666666666700,302.333333333333000,44,907,,,,,,,,,,,,,,,,,,,2.00,0
0,1055,2009,11.000000000000000,132.000000000000000,IT & Enterprise Software,0,1,0,0,0,,,,,,,,,3,,,0,1,,33.33%,0.00%,3.666666666666670,12.333333333333300,11,37,,,,,,,,,,,,,,,,,,,2.00,0
0,1056,2009,11.000000000000000,132.000000000000000,IT & Enterprise Software,0,1,0,0,0,,,,,,,,,2,,,0,0,,0.00%,50.00%,15.500000000000000,82.000000000000000,31,164,,,,,,,,,,,,,,,,,,,2.00,0
0,1057,2009,11.000000000000000,132.000000000000000,IT & Enterprise Software,0,1,0,0,0,,,,,,,,,3,,,0,0,,0.00%,0.00%,20.333333333333300,248.666666666667000,61,746,,,,,,,,,,,,,,,,,,,2.00,0
0,1058,2009,11.000000000000000,132.000000000000000,IT & Enterprise Software,0,1,0,0,0,,,,,,,,,4,,,0,0,,0.00%,0.00%,21.000000000000000,216.250000000000000,84,865,,,,,,,,,,,,,,,,,,,2.00,0
0,1062,2009,11.000000000000000,132.000000000000000,IT & Enterprise Software,0,1,0,0,0,,,,,,,,,2,,,0,0,,0.00%,100.00%,9.500000000000000,350.500000000000000,19,701,,,,,,,,,,,,,,,,,,,2.00,0
0,1066,2009,11.000000000000000,132.000000000000000,IT & Enterprise Software,0,1,0,0,0,,,,,,,,,1,,,0,0,,0.00%,0.00%,4.000000000000000,0.000000000000000,4,0,,,,,,,,,,,,,,,,,,,2.00,0
0,1067,2009,11.000000000000000,132.000000000000000,IT & Enterprise Software,0,1,0,0,0,,,,,,,,,2,,,0,0,,0.00%,100.00%,26.500000000000000,154.500000000000000,53,309,,,,,,,,,,,,,,,,,,,2.00,0
0,1097,2009,11.000000000000000,132.000000000000000,IT & Enterprise Software,0,1,0,0,0,,,,,,,,,2,,,0,0,,0.00%,50.00%,25.500000000000000,413.000000000000000,51,826,,,,,,,,,,,,,,,,,,,2.00,0
0,1098,2009,11.000000000000000,132.000000000000000,IT & Enterprise Software,0,1,0,0,0,,,,,,,,,2,,,0,0,,0.00%,0.00%,24.000000000000000,10.000000000000000,48,20,,,,,,,,,,,,,,,,,,,2.00,0
0,1099,2009,11.000000000000000,132.000000000000000,IT & Enterprise Software,0,1,0,0,0,,,,,,,,,1,,,0,0,,0.00%,0.00%,15.000000000000000,85.000000000000000,15,85,,,,,,,,,,,,,,,,,,,2.00,0
0,1100,2009,11.000000000000000,132.000000000000000,IT & Enterprise Software,0,1,0,0,0,,,,,,,,,4,,,0,0,,0.00%,0.00%,7.750000000000000,118.000000000000000,31,472,,,,,,,,,,,,,,,,,,,2.00,0
0,1103,2009,11.000000000000000,132.000000000000000,IT & Enterprise Software,0,1,0,0,0,,,,,,,,,1,,,0,0,,0.00%,0.00%,25.000000000000000,128.000000000000000,25,128,,,,,,,,,,,,,,,,,,,2.00,0
0,1105,2009,11.000000000000000,132.000000000000000,IT & Enterprise Software,0,1,0,0,0,,,,,,,,,2,,,0,0,,0.00%,0.00%,8.500000000000000,105.500000000000000,17,211,,,,,,,,,,,,,,,,,,,2.00,0
0,1107,2009,11.000000000000000,132.000000000000000,IT & Enterprise Software,0,1,0,0,0,,,,,,,,,1,,,0,0,,0.00%,0.00%,5.000000000000000,57.000000000000000,5,57,,,,,,,,,,,,,,,,,,,2.00,0
0,1136,2009,11.000000000000000,132.000000000000000,IT & Enterprise Software,0,1,0,0,0,,,,,,,,,2,,,0,1,,50.00%,100.00%,12.500000000000000,122.500000000000000,25,245,,,,,,,,,,,,,,,,,,,2.00,0
0,1145,2009,11.000000000000000,132.000000000000000,IT & Enterprise Software,0,1,0,0,0,,,,,,,,,1,,,0,0,,0.00%,100.00%,13.000000000000000,0.000000000000000,13,0,,,,,,,,,,,,,,,,,,,2.00,0
0,1146,2009,11.000000000000000,132.000000000000000,IT & Enterprise Software,0,1,0,0,0,,,,,,,,,1,,,0,0,,0.00%,100.00%,5.000000000000000,131.000000000000000,5,131,,,,,,,,,,,,,,,,,,,2.00,0
0,1147,2009,11.000000000000000,132.000000000000000,IT & Enterprise Software,0,1,0,0,0,,,,,,,,,4,,,0,0,,0.00%,0.00%,16.500000000000000,342.500000000000000,66,1370,,,,,,,,,,,,,,,,,,,2.00,0
0,1060,2009,11.000000000000000,132.000000000000000,IT & Enterprise Software,0,1,0,0,0,,,,,,,,,4,,,0,0,,0.00%,0.00%,6.250000000000000,133.000000000000000,25,532,,,,,,,,,,,,,,,,,,,2.00,0
0,1065,2009,11.000000000000000,132.000000000000000,IT & Enterprise Software,0,1,0,0,0,,,,,,,,,2,,,0,0,,0.00%,0.00%,25.500000000000000,167.500000000000000,51,335,,,,,,,,,,,,,,,,,,,2.00,0
1,36,42370,5.204654346338120,62.455852156057500,2,0,1,0,0,0,1-Jan-17,1.000,4.400000000000000,18.52%,1,0,1,0,3,1.002053388090350,12.024640657084200,0,0,0,0.00%,33.33%,10.666666666666700,348.333333333333000,32,1045,4-Sep-18,2.200000000000000,12.00,15.49%,1,0,1,0,3,1.697222222222220,2.674880219028060,32.098562628336800,0.00%,33.33%,10.666666666666700,348.333333333333000,32.00,1045,2.00,0
1,52,42005,6.203969883641340,74.447638603696100,2,0,1,0,0,0,7-Jun-16,4.500,15.000000000000000,23.08%,1,0,0,1,2,1.431895961670090,17.182751540041100,0,0,0,0.00%,0.00%,68.000000000000000,61.000000000000000,136,122,7-Jun-18,0.100000000000000,6.00,1.64%,1,0,0,1,2,2.027777777777780,3.430527036276520,41.166324435318300,0.00%,0.00%,68.000000000000000,61.000000000000000,136.00,122,2.00,0
1,63,42736,4.202600958247780,50.431211498973300,2,0,1,0,0,0,27-Feb-17,0.100,3.000000000000000,3.23%,0,1,0,1,2,0.156057494866530,1.872689938398360,0,0,0,0.00%,0.00%,19.500000000000000,341.500000000000000,39,683,21-Jun-18,2.000000000000000,6.00,25.00%,0,1,0,1,3,1.330555555555560,1.467488021902810,17.609856262833700,0.00%,0.00%,31.000000000000000,277.666666666667000,93.00,833,2.00,0
1,84,41640,7.203285420944560,86.439425051334700,2,0,1,0,0,0,1-May-17,5.000,12.000000000000000,29.41%,1,0,0,1,5,3.329226557152640,39.950718685831600,0,0,0,0.00%,0.00%,20.800000000000000,296.000000000000000,104,1480,1-Aug-18,2.400000000000000,22.00,9.84%,1,0,0,1,5,1.269444444444440,4.580424366872010,54.965092402464100,0.00%,0.00%,20.800000000000000,296.000000000000000,104.00,1480,2.00,0
1,117,41640,7.203285420944560,86.439425051334700,2,0,1,0,0,0,1-Jun-15,4.000,12.000000000000000,25.00%,1,0,0,1,2,1.412731006160160,16.952772073922000,0,0,0,0.00%,50.00%,21.000000000000000,716.500000000000000,42,1433,7-Jun-17,3.000000000000000,41.00,6.82%,1,0,0,1,2,2.047222222222220,3.430527036276520,41.166324435318300,0.00%,50.00%,21.000000000000000,716.500000000000000,42.00,1433,2.00,0
1,146,43101,3.203285420944560,38.439425051334700,2,0,1,0,0,0,26-Mar-19,5.000,21.000000000000000,19.23%,0,1,1,0,3,1.229295003422310,14.751540041067800,0,0,0,0.00%,0.00%,52.000000000000000,298.666666666667000,156,896,21-Nov-19,10.000000000000000,50.00,16.67%,0,1,1,0,4,0.666666666666667,1.886379192334020,22.636550308008200,0.00%,0.00%,29.750000000000000,441.750000000000000,119.00,1767,2.00,0
1,171,36161,22.203969883641300,266.447638603696000,2,0,1,0,0,0,1-Nov-99,1.100,6.000000000000000,15.49%,0,1,0,1,2,0.832306639288159,9.987679671457910,0,0,0,0.00%,0.00%,30.000000000000000,54.500000000000000,60,109,1-Aug-00,3.600000000000000,16.00,18.37%,0,1,0,1,2,0.761111111111111,1.582477754962350,18.989733059548300,0.00%,0.00%,30.000000000000000,54.500000000000000,60.00,109,2.00,0
1,195,42736,4.202600958247780,50.431211498973300,2,0,1,0,0,0,1-Nov-18,0.100,1.000000000000000,9.09%,0,1,1,0,2,1.831622176591380,21.979466119096500,0,0,0,0.00%,50.00%,26.000000000000000,912.500000000000000,52,1825,12-Nov-19,0.700000000000000,6.00,10.45%,0,1,1,0,2,1.044444444444440,2.861054072553050,34.332648870636600,0.00%,50.00%,26.000000000000000,912.500000000000000,52.00,1825,2.00,0
1,238,35796,23.203285420944600,278.439425051335000,2,0,1,0,0,0,1-Mar-99,3.000,10.000000000000000,23.08%,1,0,0,1,4,1.160848733744010,13.930184804928100,0,0,0,0.00%,25.00%,16.500000000000000,37.250000000000000,66,149,1-Apr-00,3.000000000000000,30.00,9.09%,1,0,0,1,4,1.102777777777780,2.247775496235460,26.973305954825500,0.00%,25.00%,16.500000000000000,37.250000000000000,66.00,149,2.00,0
1,244,42005,6.203969883641340,74.447638603696100,2,0,1,0,0,0,1-Feb-16,7.500,15.000000000000000,33.33%,0,1,0,1,4,1.084188911704310,13.010266940451700,0,0,0,0.00%,0.00%,25.750000000000000,211.000000000000000,103,844,17-Aug-17,17.500000000000000,47.50,26.92%,0,1,0,1,4,1.563888888888890,2.625598904859690,31.507186858316200,0.00%,0.00%,25.750000000000000,211.000000000000000,103.00,844,2.00,0
1,294,38718,15.203285420944600,182.439425051335000,2,0,1,0,0,0,17-Sep-07,2.000,7.000000000000000,22.22%,0,1,1,0,2,1.708418891170430,20.501026694045200,0,0,0,0.00%,0.00%,22.500000000000000,129.000000000000000,45,258,17-Sep-09,6.000000000000000,14.00,30.00%,0,1,1,0,3,2.030555555555560,3.709787816564000,44.517453798768000,0.00%,0.00%,28.000000000000000,276.333333333333000,84.00,829,2.00,0
1,299,39448,13.204654346338100,158.455852156057000,2,0,1,0,0,0,1-Jan-13,1.000,5.000000000000000,16.67%,0,1,0,1,3,5.002053388090350,60.024640657084200,0,0,0,0.00%,0.00%,23.000000000000000,90.333333333333300,69,271,1-May-16,5.000000000000000,11.00,31.25%,0,1,0,1,4,3.377777777777780,8.331279945242980,99.975359342915800,0.00%,0.00%,26.250000000000000,84.750000000000000,105.00,339,2.00,0
1,309,38353,16.202600958247800,194.431211498973000,2,0,1,0,0,0,27-Nov-06,1.000,5.000000000000000,16.67%,1,0,0,1,4,1.902806297056810,22.833675564681700,1,0,0,25.00%,25.00%,31.750000000000000,195.750000000000000,127,783,23-Jul-08,5.000000000000000,17.50,22.22%,1,0,0,1,5,1.677777777777780,3.556468172484600,42.677618069815200,20.00%,20.00%,37.400000000000000,218.600000000000000,187.00,1093,2.00,0
1,318,35796,23.203285420944600,278.439425051335000,2,0,1,0,0,0,9-Nov-00,1.000,4.000000000000000,20.00%,0,1,1,0,1,2.855578370978780,34.266940451745400,0,0,0,0.00%,0.00%,28.000000000000000,21.000000000000000,28,21,9-Nov-02,2.250000000000000,8.75,20.45%,0,1,1,0,2,2.027777777777780,4.854209445585220,58.250513347022600,0.00%,0.00%,22.500000000000000,110.500000000000000,45.00,221,2.00,0
1,332,39448,13.204654346338100,158.455852156057000,2,0,1,0,0,0,1-Nov-08,2.000,6.000000000000000,25.00%,0,1,0,1,2,0.835044490075291,10.020533880903500,0,0,0,0.00%,0.00%,14.500000000000000,85.500000000000000,29,171,1-Nov-09,4.000000000000000,12.00,25.00%,0,1,0,1,4,1.013888888888890,1.834360027378510,22.012320328542100,0.00%,0.00%,15.000000000000000,42.750000000000000,60.00,171,2.00,0
1,341,41640,7.203285420944560,86.439425051334700,2,0,1,0,0,0,1-Feb-17,0.750,4.000000000000000,15.79%,0,1,1,0,3,3.085557837097880,37.026694045174500,0,0,0,0.00%,0.00%,25.333333333333300,262.333333333333000,76,787,1-Feb-17,4.000000000000000,15.00,21.05%,0,1,1,0,3,2.080000000000000,3.085557837097880,37.026694045174500,0.00%,0.00%,25.333333333333300,262.333333333333000,76.00,787,2.00,0
1,378,38718,15.203285420944600,182.439425051335000,2,0,1,0,0,0,1-Jun-07,1.000,4.000000000000000,20.00%,0,1,0,1,2,1.412731006160160,16.952772073922000,0,0,0,0.00%,100.00%,35.500000000000000,126.000000000000000,71,252,2-Jul-14,5.000000000000000,15.00,25.00%,0,1,0,1,2,7.188888888888890,8.498288843258040,101.979466119097000,0.00%,100.00%,35.500000000000000,126.000000000000000,71.00,252,2.00,0
1,384,41640,7.203285420944560,86.439425051334700,2,0,1,0,0,0,1-Apr-15,1.700,5.000000000000000,25.37%,0,1,1,0,2,1.245722108145110,14.948665297741300,0,0,0,0.00%,0.00%,22.000000000000000,382.500000000000000,44,765,1-Jul-16,6.000000000000000,16.00,27.27%,0,1,1,0,2,1.269444444444440,2.496919917864480,29.963039014373700,0.00%,0.00%,22.000000000000000,382.500000000000000,44.00,765,2.00,0
1,430,42005,6.203969883641340,74.447638603696100,2,0,1,0,0,0,20-Jul-17,5.000,15.000000000000000,25.00%,0,1,1,0,7,2.548939082819990,30.587268993839800,0,1,0,14.29%,14.29%,15.571428571428600,164.285714285714000,109,1150,20-Jul-18,18.000000000000000,35.00,33.96%,0,1,1,0,9,1.013888888888890,3.548254620123200,42.579055441478400,11.11%,11.11%,15.777777777777800,170.555555555556000,142.00,1535,2.00,0
1,449,41640,7.203285420944560,86.439425051334700,2,0,1,0,0,0,1-Sep-14,1.500,4.000000000000000,27.27%,0,1,0,1,5,0.665297741273101,7.983572895277210,0,0,0,0.00%,60.00%,30.800000000000000,454.000000000000000,154,2270,17-May-16,4.900000000000000,17.00,22.37%,0,1,0,1,7,1.733333333333330,2.373716632443530,28.484599589322400,0.00%,42.86%,32.714285714285700,369.142857142857000,229.00,2584,2.00,0
1,460,42005,6.203969883641340,74.447638603696100,2,0,1,0,0,0,2-Mar-16,2.100,10.000000000000000,17.36%,0,1,1,0,5,1.166324435318280,13.995893223819300,0,0,0,0.00%,40.00%,27.800000000000000,455.000000000000000,139,2275,29-Jan-18,14.000000000000000,42.00,25.00%,1,0,1,0,5,1.938888888888890,3.077344284736480,36.928131416837800,0.00%,40.00%,27.800000000000000,455.000000000000000,139.00,2275,2.00,0
1,467,41275,8.202600958247770,98.431211498973300,2,0,1,0,0,0,29-Aug-13,2.500,10.000000000000000,20.00%,0,1,0,1,6,0.657084188911704,7.885010266940450,0,0,0,0.00%,33.33%,17.833333333333300,349.833333333333000,107,2099,22-Jan-15,18.500000000000000,54.00,25.52%,0,1,1,0,7,1.419444444444440,2.056125941136210,24.673511293634500,0.00%,28.57%,34.857142857142900,336.142857142857000,244.00,2353,2.00,0
1,478,42370,5.204654346338120,62.455852156057500,2,0,1,0,0,0,28-Dec-16,9.000,25.000000000000000,26.47%,0,1,0,1,6,0.991101984941821,11.893223819301800,1,0,0,16.67%,16.67%,34.333333333333300,296.666666666667000,206,1780,6-Mar-18,20.000000000000000,80.00,20.00%,0,1,0,1,6,1.202777777777780,2.176591375770020,26.119096509240200,16.67%,16.67%,34.333333333333300,296.666666666667000,206.00,1780,2.00,0
1,491,38718,15.203285420944600,182.439425051335000,2,0,1,0,0,0,4-Dec-07,3.000,16.000000000000000,15.79%,0,1,0,1,4,1.921971252566740,23.063655030800800,0,1,0,25.00%,25.00%,30.750000000000000,570.500000000000000,123,2282,4-Dec-08,7.000000000000000,31.00,18.42%,1,0,0,1,4,1.016666666666670,2.924024640657080,35.088295687885000,25.00%,25.00%,30.750000000000000,570.500000000000000,123.00,2282,2.00,0
1,494,40179,11.203285420944600,134.439425051335000,2,0,1,0,0,0,28-Nov-10,2.000,10.000000000000000,16.67%,0,1,0,1,6,0.906228610540726,10.874743326488700,0,0,0,0.00%,33.33%,32.000000000000000,445.000000000000000,192,2670,28-Nov-11,5.000000000000000,28.00,15.15%,1,0,1,0,6,1.013888888888890,1.905544147843940,22.866529774127300,0.00%,33.33%,32.000000000000000,445.000000000000000,192.00,2670,2.00,0
1,497,39083,14.203969883641300,170.447638603696000,2,0,1,0,0,0,1-Mar-07,1.000,4.000000000000000,20.00%,0,1,0,1,5,0.161533196440794,1.938398357289530,1,0,0,20.00%,0.00%,37.200000000000000,379.000000000000000,186,1895,1-Apr-08,5.000000000000000,18.00,21.74%,1,0,0,1,5,1.102777777777780,1.248459958932240,14.981519507186900,20.00%,0.00%,37.200000000000000,379.000000000000000,186.00,1895,2.00,0
1,505,38353,16.202600958247800,194.431211498973000,2,0,1,0,0,0,18-Sep-06,0.550,2.000000000000000,21.57%,0,1,0,1,1,1.711156741957560,20.533880903490800,0,0,0,0.00%,0.00%,28.000000000000000,45.000000000000000,28,45,18-Sep-06,2.100000000000000,10.00,17.36%,0,1,0,1,2,2.080000000000000,1.711156741957560,20.533880903490800,0.00%,0.00%,28.000000000000000,45.000000000000000,56.00,90,2.00,0
1,510,39083,14.203969883641300,170.447638603696000,2,0,1,0,0,0,1-Oct-07,4.500,12.000000000000000,27.27%,0,1,1,0,2,0.747433264887064,8.969199178644760,0,0,0,0.00%,50.00%,17.500000000000000,84.000000000000000,35,168,1-Mar-08,7.000000000000000,33.00,17.50%,0,1,1,0,3,0.422222222222222,1.163586584531140,13.963039014373700,0.00%,33.33%,17.666666666666700,89.333333333333300,53.00,268,2.00,0
1,519,40909,9.204654346338120,110.455852156057000,2,0,1,0,0,0,,3.000,10.000000000000000,23.08%,0,1,0,1,5,1.290000000000000,15.480000000000000,0,0,0,0.00%,40.00%,34.000000000000000,504.200000000000000,170,2521,30-May-13,4.600000000000000,20.00,18.70%,1,0,0,1,5,2.080000000000000,1.409993155373030,16.919917864476400,0.00%,40.00%,34.000000000000000,504.200000000000000,170.00,2521,2.00,0
1,536,36526,21.204654346338100,254.455852156057000,2,0,1,0,0,0,1-Dec-00,3.000,10.000000000000000,23.08%,0,1,1,0,6,0.917180013689254,11.006160164271000,0,0,0,0.00%,33.33%,33.333333333333300,566.333333333333000,200,3398,12-Feb-02,12.000000000000000,32.50,26.97%,0,1,1,0,6,1.216666666666670,2.116358658453110,25.396303901437400,0.00%,33.33%,33.333333333333300,566.333333333333000,200.00,3398,2.00,0
1,548,38718,15.203285420944600,182.439425051335000,2,0,1,0,0,0,,2.000,6.000000000000000,25.00%,0,1,0,1,5,1.290000000000000,15.480000000000000,0,0,0,0.00%,20.00%,28.600000000000000,582.200000000000000,143,2911,30-Nov-06,1.700000000000000,10.00,14.53%,0,1,0,1,5,2.080000000000000,0.911704312114990,10.940451745379900,0.00%,20.00%,28.600000000000000,582.200000000000000,143.00,2911,2.00,0
1,554,38353,16.202600958247800,194.431211498973000,2,0,1,0,0,0,1-Oct-05,2.000,5.000000000000000,28.57%,1,0,0,1,7,0.747433264887064,8.969199178644760,0,0,0,0.00%,14.29%,35.857142857142900,428.285714285714000,251,2998,1-Oct-07,2.000000000000000,7.00,22.22%,1,0,0,1,7,2.027777777777780,2.746064339493500,32.952772073922000,0.00%,14.29%,35.857142857142900,428.285714285714000,251.00,2998,2.00,0
1,567,41275,8.202600958247770,98.431211498973300,2,0,1,0,0,0,1-Jan-13,1.000,5.000000000000000,16.67%,1,0,0,1,6,1.290000000000000,15.480000000000000,0,0,0,0.00%,0.00%,26.166666666666700,270.666666666667000,157,1624,25-Mar-14,3.000000000000000,9.00,25.00%,1,0,0,1,6,1.244444444444440,1.226557152635180,14.718685831622200,0.00%,0.00%,26.166666666666700,270.666666666667000,157.00,1624,2.00,0
1,574,36161,22.203969883641300,266.447638603696000,2,0,1,0,0,0,,2.000,5.000000000000000,28.57%,0,1,0,1,6,1.290000000000000,15.480000000000000,0,0,0,0.00%,50.00%,25.000000000000000,240.500000000000000,150,1443,1-Nov-02,3.000000000000000,11.00,21.43%,0,1,0,1,6,2.080000000000000,3.832991101984940,45.995893223819300,0.00%,50.00%,25.000000000000000,240.500000000000000,150.00,1443,2.00,0
1,581,42005,6.203969883641340,74.447638603696100,2,0,1,0,0,0,,2.000,8.000000000000000,20.00%,0,1,0,1,4,1.290000000000000,15.480000000000000,0,0,0,0.00%,25.00%,25.750000000000000,398.750000000000000,103,1595,21-Jun-16,6.000000000000000,25.00,19.35%,0,1,1,0,4,2.080000000000000,1.470225872689940,17.642710472279300,0.00%,25.00%,25.750000000000000,398.750000000000000,103.00,1595,2.00,0
1,584,41275,8.202600958247770,98.431211498973300,2,0,1,0,0,0,1-Sep-13,2.000,6.000000000000000,25.00%,1,0,0,1,7,0.665297741273101,7.983572895277210,0,0,0,0.00%,42.86%,29.428571428571400,522.000000000000000,206,3654,18-Aug-14,11.000000000000000,25.00,30.56%,1,0,0,1,7,0.975000000000000,1.626283367556470,19.515400410677600,0.00%,42.86%,29.428571428571400,522.000000000000000,206.00,3654,2.00,0
1,588,42005,6.203969883641340,74.447638603696100,2,0,1,0,0,0,6-Jun-16,7.500,20.000000000000000,27.27%,0,1,1,0,5,1.429158110882960,17.149897330595500,1,0,0,20.00%,20.00%,24.800000000000000,336.200000000000000,124,1681,25-Apr-17,17.500000000000000,40.00,30.43%,1,0,1,0,5,0.897222222222222,2.313483915126630,27.761806981519500,20.00%,20.00%,24.800000000000000,336.200000000000000,124.00,1681,2.00,0
1,598,41640,7.203285420944560,86.439425051334700,2,0,1,0,0,0,,5.000,15.000000000000000,25.00%,0,1,0,1,4,1.290000000000000,15.480000000000000,0,0,0,0.00%,75.00%,27.500000000000000,628.250000000000000,110,2513,25-Nov-15,15.000000000000000,45.00,25.00%,0,1,1,0,4,2.080000000000000,1.897330595482550,22.767967145790600,0.00%,75.00%,27.500000000000000,628.250000000000000,110.00,2513,2.00,0
1,599,41640,7.203285420944560,86.439425051334700,2,0,1,0,0,0,9-Jun-15,5.000,25.000000000000000,16.67%,0,1,1,0,5,1.434633812457220,17.215605749486700,0,0,0,0.00%,20.00%,26.600000000000000,866.400000000000000,133,4332,20-Oct-15,22.000000000000000,96.00,18.64%,0,1,1,0,6,0.369444444444444,1.798767967145790,21.585215605749500,0.00%,33.33%,26.000000000000000,748.000000000000000,156.00,4488,2.00,0
1,602,39814,12.202600958247800,146.431211498973000,2,0,1,0,0,0,,0.500,2.000000000000000,20.00%,0,1,0,1,5,1.290000000000000,15.480000000000000,0,0,0,0.00%,20.00%,21.200000000000000,549.600000000000000,106,2748,1-Oct-12,3.000000000000000,7.50,28.57%,0,1,0,1,5,2.080000000000000,3.748117727583850,44.977412731006200,0.00%,20.00%,21.200000000000000,549.600000000000000,106.00,2748,2.00,0
1,616,39448,13.204654346338100,158.455852156057000,2,0,1,0,0,0,1-Jun-08,0.500,5.500000000000000,8.33%,1,0,0,1,7,0.416153319644079,4.993839835728950,0,0,0,0.00%,42.86%,31.857142857142900,389.142857142857000,223,2724,27-Jun-12,3.500000000000000,10.00,25.93%,1,0,0,1,9,4.130555555555560,4.487337440109510,53.848049281314200,0.00%,33.33%,38.000000000000000,380.000000000000000,342.00,3420,2.00,0
1,622,41275,8.202600958247770,98.431211498973300,2,0,1,0,0,0,1-Jan-13,3.000,9.000000000000000,25.00%,1,0,0,1,5,1.290000000000000,15.480000000000000,0,0,0,0.00%,40.00%,15.000000000000000,109.200000000000000,75,546,1-Feb-16,10.000000000000000,45.00,18.18%,1,0,0,1,6,3.127777777777780,3.082819986310750,36.993839835729000,0.00%,33.33%,23.000000000000000,116.000000000000000,138.00,696,2.00,0
1,644,40909,9.204654346338120,110.455852156057000,2,0,1,0,0,0,2-Aug-12,1.500,5.000000000000000,23.08%,1,0,0,1,5,0.585900068446270,7.030800821355240,0,0,0,0.00%,60.00%,17.800000000000000,577.800000000000000,89,2889,24-Aug-15,7.600000000000000,21.00,26.57%,1,0,0,1,6,3.102777777777780,3.644079397672830,43.728952772073900,0.00%,50.00%,19.000000000000000,684.666666666667000,114.00,4108,2.00,0
1,654,34335,27.203285420944600,326.439425051335000,2,0,1,0,0,0,1-Apr-97,1.000,6.000000000000000,14.29%,1,0,0,1,5,3.247091033538670,38.965092402464100,0,0,0,0.00%,40.00%,41.000000000000000,257.600000000000000,205,1288,27-Dec-98,17.000000000000000,74.00,18.68%,0,1,0,1,6,1.763888888888890,4.985626283367560,59.827515400410700,0.00%,50.00%,46.666666666666700,273.000000000000000,280.00,1638,2.00,0
1,658,42005,6.203969883641340,74.447638603696100,2,0,1,0,0,0,15-Mar-16,13.000,25.000000000000000,34.21%,0,1,1,0,6,1.201916495550990,14.422997946611900,0,0,0,0.00%,16.67%,30.000000000000000,305.000000000000000,180,1830,3-May-17,35.000000000000000,70.00,33.33%,0,1,1,0,6,1.150000000000000,2.335386721423680,28.024640657084200,0.00%,16.67%,30.000000000000000,305.000000000000000,180.00,1830,2.00,0
1,660,38718,15.203285420944600,182.439425051335000,2,0,1,0,0,0,1-Oct-06,1.500,3.000000000000000,33.33%,1,0,0,1,6,0.747433264887064,8.969199178644760,0,0,0,0.00%,33.33%,22.500000000000000,314.833333333333000,135,1889,1-Oct-10,2.000000000000000,6.00,25.00%,1,0,0,1,6,4.058333333333330,4.747433264887060,56.969199178644800,0.00%,33.33%,22.500000000000000,314.833333333333000,135.00,1889,2.00,0
1,670,40544,10.203969883641300,122.447638603696000,2,0,1,0,0,0,1-Sep-15,3.000,15.000000000000000,16.67%,1,0,0,1,6,4.665297741273100,55.983572895277200,0,0,0,0.00%,16.67%,23.500000000000000,321.333333333333000,141,1928,7-Nov-17,12.000000000000000,34.00,26.09%,0,1,0,1,6,2.216666666666670,6.850102669404520,82.201232032854200,0.00%,16.67%,23.500000000000000,321.333333333333000,141.00,1928,2.00,0
1,676,42370,5.204654346338120,62.455852156057500,2,0,1,0,0,0,1-Dec-15,3.000,11.000000000000000,21.43%,0,1,1,0,7,1.290000000000000,15.480000000000000,0,0,0,0.00%,57.14%,25.571428571428600,695.000000000000000,179,4865,1-Nov-16,8.000000000000000,40.00,16.67%,0,1,0,1,7,0.933333333333333,0.835044490075291,10.020533880903500,0.00%,57.14%,25.571428571428600,695.000000000000000,179.00,4865,2.00,0
1,681,34700,26.203969883641300,314.447638603696000,2,0,1,0,0,0,1-Jan-95,1.000,3.000000000000000,25.00%,1,0,0,1,4,1.290000000000000,15.480000000000000,0,0,0,0.00%,50.00%,33.250000000000000,615.500000000000000,133,2462,1-Mar-02,1.000000000000000,7.00,12.50%,1,0,0,1,5,7.266666666666670,7.162217659137580,85.946611909650900,0.00%,40.00%,35.800000000000000,599.200000000000000,179.00,2996,2.00,0
1,685,33970,28.202600958247800,338.431211498973000,2,0,1,0,0,0,1-Jul-95,0.200,1.600000000000000,11.11%,0,1,1,0,5,2.494182067077340,29.930184804928100,0,0,0,0.00%,0.00%,26.000000000000000,402.200000000000000,130,2011,12-Mar-03,2.700000000000000,5.00,35.06%,0,1,1,0,6,7.808333333333330,10.190280629705700,122.283367556468000,0.00%,0.00%,32.666666666666700,635.166666666667000,196.00,3811,2.00,0
1,710,37987,17.204654346338100,206.455852156057000,2,0,1,0,0,0,,0.500,1.500000000000000,25.00%,0,1,0,1,5,1.290000000000000,15.480000000000000,0,0,0,0.00%,0.00%,27.600000000000000,150.200000000000000,138,751,1-Jun-05,2.000000000000000,4.00,33.33%,0,1,0,1,6,2.080000000000000,1.415468856947300,16.985626283367600,0.00%,0.00%,27.000000000000000,162.666666666667000,162.00,976,2.00,0
1,716,42005,6.203969883641340,74.447638603696100,2,0,1,0,0,0,1-Feb-16,5.000,25.000000000000000,16.67%,1,0,0,1,6,1.084188911704310,13.010266940451700,0,0,0,0.00%,33.33%,26.500000000000000,288.166666666667000,159,1729,1-Jun-18,15.000000000000000,110.00,12.00%,0,1,1,0,6,2.363888888888890,3.414099931553730,40.969199178644800,0.00%,33.33%,26.500000000000000,288.166666666667000,159.00,1729,2.00,0
1,718,40544,10.203969883641300,122.447638603696000,2,0,1,0,0,0,1-Jun-11,0.600,5.000000000000000,10.71%,0,1,0,1,5,0.413415468856947,4.960985626283370,0,0,0,0.00%,20.00%,27.400000000000000,395.200000000000000,137,1976,5-Nov-13,9.000000000000000,50.00,15.25%,1,0,0,1,5,2.466666666666670,2.844626967830250,34.135523613963000,0.00%,20.00%,27.400000000000000,395.200000000000000,137.00,1976,2.00,0
1,719,36526,21.204654346338100,254.455852156057000,2,0,1,0,0,0,1-Mar-00,2.000,6.000000000000000,25.00%,0,1,1,0,3,0.164271047227926,1.971252566735110,0,0,0,0.00%,0.00%,37.666666666666700,423.333333333333000,113,1270,9-Apr-02,3.000000000000000,15.00,16.67%,1,0,0,1,3,2.136111111111110,2.269678302532510,27.236139630390100,0.00%,0.00%,37.666666666666700,423.333333333333000,113.00,1270,2.00,0
1,728,40909,9.204654346338120,110.455852156057000,2,0,1,0,0,0,8-Jul-13,1.700,5.000000000000000,25.37%,0,1,0,1,6,1.516769336071180,18.201232032854200,0,0,0,0.00%,16.67%,16.666666666666700,131.500000000000000,100,789,1-Feb-14,4.000000000000000,20.00,16.67%,0,1,1,0,6,0.577777777777778,2.086242299794660,25.034907597535900,0.00%,16.67%,16.666666666666700,131.500000000000000,100.00,789,2.00,0
1,735,33970,28.202600958247800,338.431211498973000,2,0,1,0,0,0,,0.500,2.000000000000000,20.00%,0,1,0,1,1,1.290000000000000,15.480000000000000,0,0,0,0.00%,0.00%,0.000000000000000,0.000000000000000,0,0,1-Jan-94,3.000000000000000,10.00,23.08%,0,1,0,1,2,2.080000000000000,0.999315537303217,11.991786447638600,0.00%,0.00%,42.000000000000000,110.000000000000000,84.00,220,2.00,0
1,750,41275,8.202600958247770,98.431211498973300,2,0,1,0,0,0,1-Feb-13,0.200,8.000000000000000,2.44%,0,1,1,0,6,1.290000000000000,15.480000000000000,0,0,0,0.00%,33.33%,25.166666666666700,904.166666666667000,151,5425,23-Apr-14,12.000000000000000,44.00,21.43%,0,1,1,0,6,1.238888888888890,1.305954825462010,15.671457905544100,0.00%,33.33%,25.166666666666700,904.166666666667000,151.00,5425,2.00,0
1,751,39814,12.202600958247800,146.431211498973000,2,0,1,0,0,0,,1.000,4.000000000000000,20.00%,0,1,0,1,7,1.290000000000000,15.480000000000000,0,0,0,0.00%,42.86%,28.428571428571400,365.428571428571000,199,2558,1-Aug-13,5.000000000000000,25.00,16.67%,0,1,1,0,9,2.080000000000000,4.580424366872010,54.965092402464100,0.00%,33.33%,30.444444444444400,342.222222222222000,274.00,3080,2.00,0
1,756,36526,21.204654346338100,254.455852156057000,2,0,1,0,0,0,,3.000,9.000000000000000,25.00%,0,1,0,1,3,1.290000000000000,15.480000000000000,0,0,0,0.00%,0.00%,26.000000000000000,0.000000000000000,78,0,14-Dec-00,4.500000000000000,16.50,21.43%,0,1,0,1,5,2.080000000000000,0.952772073921971,11.433264887063700,0.00%,0.00%,30.600000000000000,104.400000000000000,153.00,522,2.00,0
1,757,37987,17.204654346338100,206.455852156057000,2,0,1,0,0,0,1-Oct-05,1.500,4.000000000000000,27.27%,1,0,0,1,6,1.749486652977410,20.993839835729000,0,0,0,0.00%,50.00%,28.833333333333300,530.833333333333000,173,3185,13-Jul-10,4.000000000000000,12.00,25.00%,0,1,1,0,7,4.850000000000000,6.529774127310060,78.357289527720700,0.00%,42.86%,27.000000000000000,455.000000000000000,189.00,3185,2.00,0
1,759,37257,19.203285420944600,230.439425051335000,2,0,1,0,0,0,29-Apr-02,5.000,8.300000000000000,37.59%,0,1,0,1,3,0.323066392881588,3.876796714579060,0,1,0,33.33%,33.33%,27.666666666666700,206.333333333333000,83,619,1-Apr-03,6.000000000000000,18.00,25.00%,0,1,0,1,5,0.936111111111111,1.245722108145110,14.948665297741300,20.00%,20.00%,34.600000000000000,395.600000000000000,173.00,1978,2.00,0
1,762,42005,6.203969883641340,74.447638603696100,2,0,1,0,0,0,1-Aug-15,3.000,9.000000000000000,25.00%,1,0,0,1,6,0.580424366872005,6.965092402464070,0,0,0,0.00%,16.67%,33.333333333333300,353.833333333333000,200,2123,6-Mar-18,7.000000000000000,21.00,25.00%,1,0,1,0,6,2.633333333333330,3.175906913073240,38.110882956878800,0.00%,16.67%,33.333333333333300,353.833333333333000,200.00,2123,2.00,0
1,792,40909,9.204654346338120,110.455852156057000,2,0,1,0,0,0,1-Dec-12,0.600,4.000000000000000,13.04%,0,1,0,1,7,0.917180013689254,11.006160164271000,1,0,0,14.29%,42.86%,36.000000000000000,541.142857142857000,252,3788,5-Aug-13,4.000000000000000,18.00,18.18%,0,1,1,0,9,0.686111111111111,1.593429158110880,19.121149897330600,11.11%,33.33%,44.222222222222200,509.000000000000000,398.00,4581,2.00,0
1,797,42736,4.202600958247780,50.431211498973300,2,0,1,0,0,0,1-Jun-18,0.625,3.000000000000000,17.24%,1,0,0,1,2,1.412731006160160,16.952772073922000,0,0,0,0.00%,0.00%,25.500000000000000,277.000000000000000,51,554,20-Jun-19,4.000000000000000,12.00,25.00%,1,0,0,1,4,1.066666666666670,2.464065708418890,29.568788501026700,0.00%,0.00%,49.250000000000000,336.750000000000000,197.00,1347,2.00,0
1,807,40179,11.203285420944600,134.439425051335000,2,0,1,0,0,0,1-Jun-10,8.000,15.000000000000000,34.78%,1,0,0,1,5,0.413415468856947,4.960985626283370,0,0,0,0.00%,40.00%,33.000000000000000,247.600000000000000,165,1238,6-Feb-13,8.000000000000000,92.00,8.00%,1,0,0,1,6,2.725000000000000,3.099247091033540,37.190965092402500,0.00%,50.00%,35.833333333333300,240.333333333333000,215.00,1442,2.00,0
1,815,41275,8.202600958247770,98.431211498973300,2,0,1,0,0,0,1-Jul-13,0.100,4.000000000000000,2.44%,0,1,0,1,3,0.495550992470910,5.946611909650920,1,0,0,33.33%,0.00%,21.000000000000000,164.333333333333000,63,493,18-Feb-15,3.000000000000000,12.00,20.00%,0,1,1,0,4,1.658333333333330,2.130047912388770,25.560574948665300,25.00%,0.00%,28.250000000000000,174.250000000000000,113.00,697,2.00,0
1,829,41640,7.203285420944560,86.439425051334700,2,0,1,0,0,0,1-Jan-14,2.500,6.000000000000000,29.41%,0,1,0,1,2,1.290000000000000,15.480000000000000,1,0,0,50.00%,0.00%,19.500000000000000,301.000000000000000,39,602,12-Jul-15,5.000000000000000,20.00,20.00%,0,1,0,1,3,1.547222222222220,1.524982888432580,18.299794661191000,33.33%,0.00%,21.666666666666700,284.000000000000000,65.00,852,2.00,0
1,835,40179,11.203285420944600,134.439425051335000,2,0,1,0,0,0,,4.000,12.000000000000000,25.00%,0,1,0,1,2,1.290000000000000,15.480000000000000,0,0,0,0.00%,50.00%,13.500000000000000,197.000000000000000,27,394,25-May-16,4.000000000000000,15.00,21.05%,1,0,0,1,4,2.080000000000000,6.395619438740590,76.747433264887100,0.00%,25.00%,19.500000000000000,243.750000000000000,78.00,975,2.00,0
1,836,40909,9.204654346338120,110.455852156057000,2,0,1,0,0,0,,1.000,3.000000000000000,25.00%,0,1,0,1,2,1.290000000000000,15.480000000000000,0,0,0,0.00%,50.00%,23.000000000000000,150.500000000000000,46,301,1-Jan-13,4.000000000000000,15.00,21.05%,0,1,1,0,4,2.080000000000000,1.002053388090350,12.024640657084200,0.00%,25.00%,24.250000000000000,220.500000000000000,97.00,882,2.00,0
1,838,40544,10.203969883641300,122.447638603696000,2,0,1,0,0,0,1-Apr-11,0.500,3.000000000000000,14.29%,1,0,0,1,5,0.246406570841889,2.956878850102670,0,0,0,0.00%,60.00%,24.000000000000000,507.800000000000000,120,2539,2-Apr-12,1.000000000000000,8.00,11.11%,0,1,1,0,6,1.019444444444440,1.251197809719370,15.014373716632400,0.00%,50.00%,25.333333333333300,465.666666666667000,152.00,2794,2.00,0
1,863,40179,11.203285420944600,134.439425051335000,2,0,1,0,0,0,,1.000,5.000000000000000,16.67%,0,1,0,1,6,1.290000000000000,15.480000000000000,0,0,0,0.00%,16.67%,26.166666666666700,357.500000000000000,157,2145,25-May-10,6.200000000000000,24.00,20.53%,0,1,1,0,7,2.080000000000000,0.394250513347023,4.731006160164270,0.00%,14.29%,27.571428571428600,359.857142857143000,193.00,2519,2.00,0
1,864,40179,11.203285420944600,134.439425051335000,2,0,1,0,0,0,1-Jun-12,0.750,4.000000000000000,15.79%,1,0,1,0,5,2.414784394250510,28.977412731006200,1,0,0,20.00%,40.00%,29.200000000000000,317.200000000000000,146,1586,22-Dec-13,8.000000000000000,27.00,22.86%,0,1,1,0,6,1.580555555555560,3.972621492128680,47.671457905544100,16.67%,33.33%,37.666666666666700,383.666666666667000,226.00,2302,2.00,0
0,1036,2014,6.000000000000000,72.000000000000000,Communications,0,0,1,0,0,,,,,,,,,1,,,0,0,,0.00%,0.00%,8.000000000000000,36.000000000000000,8,36,,,,,,,,,,,,,,,,,,,3.00,0
0,1034,2014,6.000000000000000,72.000000000000000,Communications,0,0,1,0,0,,,,,,,,,3,,,0,0,,0.00%,0.00%,14.333333333333300,558.666666666667000,43,1676,,,,,,,,,,,,,,,,,,,3.00,0
0,1068,2014,6.000000000000000,72.000000000000000,Communications,0,0,1,0,0,,,,,,,,,3,,,1,0,,33.33%,33.33%,20.000000000000000,274.333333333333000,60,823,,,,,,,,,,,,,,,,,,,3.00,0
0,1135,2014,6.000000000000000,72.000000000000000,Communications,0,0,1,0,0,,,,,,,,,2,,,0,0,,0.00%,0.00%,3.000000000000000,167.000000000000000,6,334,,,,,,,,,,,,,,,,,,,3.00,0
0,1095,2014,6.000000000000000,72.000000000000000,Communications,0,0,1,0,0,,,,,,,,,1,,,0,0,,0.00%,0.00%,5.000000000000000,385.000000000000000,5,385,,,,,,,,,,,,,,,,,,,3.00,0
0,1082,2014,6.000000000000000,72.000000000000000,Communications,0,0,1,0,0,,,,,,,,,1,,,0,0,,0.00%,0.00%,69.000000000000000,789.000000000000000,69,789,,,,,,,,,,,,,,,,,,,3.00,0
1,222,34335,27.203285420944600,326.439425051335000,3,0,0,1,0,0,1-Oct-99,2.000,6.000000000000000,25.00%,1,0,0,1,2,5.746748802190280,68.960985626283400,0,0,0,0.00%,0.00%,25.000000000000000,61.500000000000000,50,123,17-Jan-00,0.800000000000000,14.00,5.41%,1,0,0,1,2,0.300000000000000,6.042436687200550,72.509240246406600,0.00%,0.00%,25.000000000000000,61.500000000000000,50.00,123,3.00,0
1,276,41640,7.203285420944560,86.439425051334700,3,0,0,1,0,0,1-Sep-16,0.250,2.000000000000000,11.11%,0,1,0,1,2,2.666666666666670,32.000000000000000,0,0,0,0.00%,0.00%,26.500000000000000,573.500000000000000,53,1147,1-Sep-18,0.650000000000000,4.00,13.98%,0,1,0,1,2,2.027777777777780,4.665297741273100,55.983572895277200,0.00%,0.00%,26.500000000000000,573.500000000000000,53.00,1147,3.00,0
1,335,37622,18.203969883641300,218.447638603696000,3,0,0,1,0,0,1-Oct-03,2.500,10.000000000000000,20.00%,1,0,1,0,1,0.747433264887064,8.969199178644760,1,0,0,100.00%,0.00%,17.000000000000000,0.000000000000000,17,0,1-Jul-06,6.000000000000000,22.00,21.43%,1,0,1,0,2,2.788888888888890,3.496235455167690,41.954825462012300,50.00%,0.00%,28.500000000000000,67.500000000000000,57.00,135,3.00,0
1,417,36161,22.203969883641300,266.447638603696000,3,0,0,1,0,0,1-May-00,3.000,12.000000000000000,20.00%,0,1,1,0,5,1.330595482546200,15.967145790554400,0,0,0,0.00%,40.00%,39.200000000000000,576.800000000000000,196,2884,1-May-02,6.800000000000000,21.80,23.78%,0,1,1,0,6,2.027777777777780,3.329226557152640,39.950718685831600,0.00%,33.33%,45.000000000000000,523.000000000000000,270.00,3138,3.00,0
1,427,40179,11.203285420944600,134.439425051335000,3,0,0,1,0,0,1-Jun-12,1.800,10.000000000000000,15.25%,1,0,0,1,4,2.414784394250510,28.977412731006200,0,0,0,0.00%,0.00%,30.250000000000000,178.500000000000000,121,714,25-Jan-16,2.200000000000000,15.00,12.79%,1,0,0,1,5,3.702777777777780,6.064339493497600,72.772073921971200,0.00%,0.00%,34.200000000000000,212.800000000000000,171.00,1064,3.00,0
1,437,40544,10.203969883641300,122.447638603696000,3,0,0,1,0,0,1-Jun-12,3.000,15.000000000000000,16.67%,0,1,0,1,7,1.415468856947300,16.985626283367600,0,0,0,0.00%,28.57%,25.857142857142900,390.571428571429000,181,2734,5-Mar-14,7.100000000000000,25.00,22.12%,1,0,0,1,8,1.783333333333330,3.173169062286110,38.078028747433300,0.00%,25.00%,28.875000000000000,385.500000000000000,231.00,3084,3.00,0
1,476,37987,17.204654346338100,206.455852156057000,3,0,0,1,0,0,1-Jul-04,5.500,12.000000000000000,31.43%,0,1,1,0,4,0.498288843258042,5.979466119096510,0,1,0,25.00%,25.00%,18.250000000000000,231.000000000000000,73,924,12-Oct-04,1.000000000000000,5.00,16.67%,0,1,1,0,6,0.286111111111111,0.780287474332649,9.363449691991790,16.67%,16.67%,19.166666666666700,395.166666666667000,115.00,2371,3.00,0
1,480,41640,7.203285420944560,86.439425051334700,3,0,0,1,0,0,14-Apr-15,1.600,5.000000000000000,24.24%,1,0,0,1,6,1.281314168377820,15.375770020533900,0,0,0,0.00%,16.67%,19.000000000000000,589.500000000000000,114,3537,27-Sep-16,7.300000000000000,22.00,24.91%,1,0,0,1,6,1.477777777777780,2.737850787132100,32.854209445585200,0.00%,16.67%,19.000000000000000,589.500000000000000,114.00,3537,3.00,0
1,486,36526,21.204654346338100,254.455852156057000,3,0,0,1,0,0,,3.000,14.000000000000000,17.65%,0,1,1,0,3,1.290000000000000,15.480000000000000,0,0,0,0.00%,0.00%,13.000000000000000,9.666666666666670,39,29,,13.500000000000000,30.00,31.03%,0,1,1,0,5,2.080000000000000,3.170000000000000,38.040000000000000,0.00%,0.00%,22.800000000000000,68.600000000000000,114.00,343,3.00,0
1,502,36892,20.202600958247800,242.431211498973000,3,0,0,1,0,0,22-Feb-01,6.500,17.000000000000000,27.66%,0,1,1,0,3,0.142368240930869,1.708418891170430,0,0,0,0.00%,100.00%,60.000000000000000,566.666666666667000,180,1700,1-Mar-04,14.000000000000000,35.00,28.57%,0,1,1,0,4,3.063888888888890,3.162217659137580,37.946611909650900,0.00%,75.00%,45.000000000000000,470.000000000000000,180.00,1880,3.00,0
1,533,42370,5.204654346338120,62.455852156057500,3,0,0,1,0,0,,4.500,15.000000000000000,23.08%,0,1,1,0,5,1.290000000000000,15.480000000000000,0,0,0,0.00%,60.00%,31.200000000000000,150.600000000000000,156,753,14-Feb-19,17.000000000000000,50.00,25.37%,0,1,1,0,6,2.080000000000000,3.121149897330600,37.453798767967100,0.00%,50.00%,37.333333333333300,182.666666666667000,224.00,1096,3.00,0
1,537,41640,7.203285420944560,86.439425051334700,3,0,0,1,0,0,1-Oct-14,1.300,3.000000000000000,30.23%,1,0,0,1,2,0.747433264887064,8.969199178644760,0,0,0,0.00%,0.00%,14.500000000000000,117.000000000000000,29,234,1-Jan-18,8.000000000000000,21.00,27.59%,1,0,0,1,3,3.300000000000000,4.000000000000000,48.000000000000000,0.00%,0.00%,26.333333333333300,265.333333333333000,79.00,796,3.00,0
1,578,40909,9.204654346338120,110.455852156057000,3,0,0,1,0,0,22-Mar-13,1.500,9.000000000000000,14.29%,1,0,0,1,5,1.221081451060920,14.652977412731000,0,0,0,0.00%,0.00%,26.000000000000000,542.800000000000000,130,2714,2-Jul-13,6.500000000000000,19.00,25.49%,1,0,1,0,5,0.283333333333333,1.500342231348390,18.004106776180700,0.00%,0.00%,26.000000000000000,542.800000000000000,130.00,2714,3.00,0
1,603,36526,21.204654346338100,254.455852156057000,3,0,0,1,0,0,1-Nov-00,2.000,12.000000000000000,14.29%,0,1,1,0,1,0.835044490075291,10.020533880903500,0,0,0,0.00%,0.00%,28.000000000000000,640.000000000000000,28,640,1-Mar-04,4.500000000000000,25.00,15.25%,0,1,1,0,2,3.377777777777780,4.164271047227930,49.971252566735100,0.00%,0.00%,28.000000000000000,640.000000000000000,56.00,1280,3.00,0
1,631,41275,8.202600958247770,98.431211498973300,3,0,0,1,0,0,,2.000,7.000000000000000,22.22%,0,1,0,1,5,1.290000000000000,15.480000000000000,1,0,0,20.00%,20.00%,22.200000000000000,235.800000000000000,111,1179,12-Aug-15,10.000000000000000,25.00,28.57%,0,1,0,1,5,2.080000000000000,2.609171800136890,31.310061601642700,20.00%,20.00%,22.200000000000000,235.800000000000000,111.00,1179,3.00,0
1,647,38718,15.203285420944600,182.439425051335000,3,0,0,1,0,0,1-Sep-06,1.000,3.000000000000000,25.00%,1,0,0,1,3,0.665297741273101,7.983572895277210,0,0,0,0.00%,0.00%,31.333333333333300,290.333333333333000,94,871,3-Jun-09,1.950000000000000,7.00,21.79%,1,0,0,1,3,2.794444444444440,3.419575633127990,41.034907597535900,0.00%,0.00%,31.333333333333300,290.333333333333000,94.00,871,3.00,0
1,675,35796,23.203285420944600,278.439425051335000,3,0,0,1,0,0,1-Jul-98,2.000,13.000000000000000,13.33%,0,1,1,0,2,0.495550992470910,5.946611909650920,0,0,0,0.00%,50.00%,42.500000000000000,224.500000000000000,85,449,19-Jun-01,8.000000000000000,30.00,21.05%,0,1,1,0,4,3.011111111111110,3.463381245722110,41.560574948665300,0.00%,25.00%,33.750000000000000,524.250000000000000,135.00,2097,3.00,0
1,682,35796,23.203285420944600,278.439425051335000,3,0,0,1,0,0,,5.000,14.000000000000000,26.32%,0,1,1,0,3,1.290000000000000,15.480000000000000,0,0,0,0.00%,33.33%,22.666666666666700,109.333333333333000,68,328,1-Nov-00,18.000000000000000,68.00,20.93%,0,1,1,0,4,2.080000000000000,2.833675564681720,34.004106776180700,0.00%,25.00%,27.500000000000000,143.500000000000000,110.00,574,3.00,0
1,688,35796,23.203285420944600,278.439425051335000,3,0,0,1,0,0,1-Jan-99,1.000,7.000000000000000,12.50%,0,1,1,0,1,0.999315537303217,11.991786447638600,0,0,0,0.00%,0.00%,5.000000000000000,0.000000000000000,5,0,3-Jan-00,5.000000000000000,21.00,19.23%,0,1,1,0,2,1.019444444444440,2.004106776180700,24.049281314168400,0.00%,0.00%,9.000000000000000,100.000000000000000,18.00,200,3.00,0
1,712,40179,11.203285420944600,134.439425051335000,3,0,0,1,0,0,,2.000,11.000000000000000,15.38%,0,1,0,1,4,1.290000000000000,15.480000000000000,0,0,0,0.00%,50.00%,24.250000000000000,270.000000000000000,97,1080,1-Dec-10,9.100000000000000,70.00,11.50%,1,0,0,1,4,2.080000000000000,0.914442162902122,10.973305954825500,0.00%,50.00%,24.250000000000000,270.000000000000000,97.00,1080,3.00,0
1,713,35431,24.202600958247800,290.431211498973000,3,0,0,1,0,0,,4.000,14.000000000000000,22.22%,0,1,1,0,4,1.290000000000000,15.480000000000000,1,0,0,25.00%,25.00%,46.250000000000000,144.500000000000000,185,578,27-Feb-00,13.000000000000000,28.00,31.71%,0,1,1,0,4,2.080000000000000,3.154004106776180,37.848049281314200,25.00%,25.00%,46.250000000000000,144.500000000000000,185.00,578,3.00,0
1,737,39448,13.204654346338100,158.455852156057000,3,0,0,1,0,0,16-Dec-08,1.000,5.000000000000000,16.67%,1,0,0,1,7,0.958247775496235,11.498973305954800,0,0,0,0.00%,14.29%,36.428571428571400,500.571428571429000,255,3504,31-Jul-11,1.500000000000000,4.50,25.00%,1,0,0,1,9,2.658333333333330,3.578370978781660,42.940451745379900,0.00%,11.11%,40.333333333333300,520.666666666667000,363.00,4686,3.00,0
1,773,36161,22.203969883641300,266.447638603696000,3,0,0,1,0,0,,4.000,12.000000000000000,25.00%,0,1,1,0,4,1.290000000000000,15.480000000000000,0,1,0,25.00%,0.00%,24.750000000000000,199.000000000000000,99,796,9-Jun-04,20.000000000000000,45.00,30.77%,0,1,1,0,5,2.080000000000000,5.437371663244350,65.248459958932200,20.00%,0.00%,23.000000000000000,159.200000000000000,115.00,796,3.00,0
1,774,40179,11.203285420944600,134.439425051335000,3,0,0,1,0,0,1-Oct-10,1.200,5.000000000000000,19.35%,0,1,1,0,4,0.747433264887064,8.969199178644760,0,0,0,0.00%,50.00%,42.000000000000000,286.500000000000000,168,1146,29-Feb-12,4.300000000000000,12.30,25.90%,0,1,1,0,5,1.433333333333330,2.160164271047230,25.921971252566700,0.00%,40.00%,54.600000000000000,256.600000000000000,273.00,1283,3.00,0
1,789,36161,22.203969883641300,266.447638603696000,3,0,0,1,0,0,1-Jul-99,1.000,7.000000000000000,12.50%,0,1,1,0,6,0.495550992470910,5.946611909650920,0,0,0,0.00%,33.33%,23.000000000000000,313.500000000000000,138,1881,1-Jun-00,9.000000000000000,27.00,25.00%,0,1,1,0,8,0.933333333333333,1.415468856947300,16.985626283367600,0.00%,25.00%,32.125000000000000,311.250000000000000,257.00,2490,3.00,0
1,816,37257,19.203285420944600,230.439425051335000,3,0,0,1,0,0,1-Oct-02,3.000,9.000000000000000,25.00%,1,0,0,1,4,0.747433264887064,8.969199178644760,0,0,0,0.00%,0.00%,55.000000000000000,213.500000000000000,220,854,23-Jan-06,2.500000000000000,7.00,26.32%,1,0,0,1,5,3.361111111111110,4.060232717316910,48.722792607802900,0.00%,0.00%,64.200000000000000,218.600000000000000,321.00,1093,3.00,0
1,830,40909,9.204654346338120,110.455852156057000,3,0,0,1,0,0,,3.000,15.000000000000000,16.67%,0,1,0,1,6,1.290000000000000,15.480000000000000,1,1,0,33.33%,16.67%,25.166666666666700,118.666666666667000,151,712,13-Mar-14,10.000000000000000,75.00,11.76%,1,0,0,1,7,2.080000000000000,2.195756331279950,26.349075975359300,28.57%,28.57%,29.428571428571400,155.428571428571000,206.00,1088,3.00,0
1,856,40544,10.203969883641300,122.447638603696000,3,0,0,1,0,0,1-Apr-12,1.100,5.000000000000000,18.03%,0,1,0,1,7,1.248459958932240,14.981519507186900,0,0,0,0.00%,0.00%,28.142857142857100,328.857142857143000,197,2302,6-Jun-13,1.000000000000000,4.50,18.18%,0,1,0,1,8,1.197222222222220,2.428473648186170,29.141683778234100,0.00%,0.00%,32.750000000000000,388.500000000000000,262.00,3108,3.00,0
1,3,37622,18.203969883641300,218.447638603696000,3,0,0,1,0,0,12-Jul-04,6.000,18.000000000000000,25.00%,0,1,0,1,3,1.527720739219710,18.332648870636600,0,0,0,0.00%,66.67%,83.333333333333300,666.666666666667000,250,2000,12-Jul-08,12.000000000000000,45.00,21.05%,0,1,0,1,5,4.000000000000000,5.527720739219710,66.332648870636500,0.00%,0.00%,60.000000000000000,600.000000000000000,300.00,3000,3.00,0
1,40,42736,4.202600958247780,50.431211498973300,3,0,0,1,0,0,30-Jan-18,3.750,12.000000000000000,23.81%,1,0,0,1,2,1.078713210130050,12.944558521560600,0,0,0,0.00%,0.00%,40.000000000000000,25.000000000000000,80,50,30-Jan-20,7.000000000000000,15.00,31.82%,0,1,0,1,3,1.998631074606430,3.077344284736480,36.928131416837800,0.00%,33.33%,36.666666666666700,36.666666666666700,110.00,110,3.00,0
0,1007,2011,9.000000000000000,108.000000000000000,Miscellaneous Technologies,0,0,0,1,0,,,,,,,,,3,,,0,0,,0.00%,0.00%,8.666666666666670,103.000000000000000,26,309,,,,,,,,,,,,,,,,,,,4.00,1
0,1008,2011,9.000000000000000,108.000000000000000,Miscellaneous Technologies,0,0,0,1,0,,,,,,,,,2,,,0,0,,0.00%,0.00%,14.500000000000000,51.000000000000000,29,102,,,,,,,,,,,,,,,,,,,4.00,1
0,1027,2011,9.000000000000000,108.000000000000000,Miscellaneous Technologies,0,0,0,1,0,,,,,,,,,2,,,0,0,,0.00%,0.00%,25.000000000000000,195.000000000000000,50,390,,,,,,,,,,,,,,,,,,,4.00,1
0,1028,2011,9.000000000000000,108.000000000000000,Miscellaneous Technologies,0,0,0,1,0,,,,,,,,,2,,,0,0,,0.00%,0.00%,22.000000000000000,55.000000000000000,44,110,,,,,,,,,,,,,,,,,,,4.00,1
1,34,38718,15.203285420944600,182.439425051335000,4,0,0,0,1,0,1-Oct-11,4.500,15.000000000000000,23.08%,1,0,1,0,2,5.746748802190280,68.960985626283400,0,0,0,0.00%,50.00%,55.000000000000000,175.000000000000000,110,350,1-Oct-15,6.750000000000000,25.00,21.26%,0,1,0,1,3,4.000000000000000,9.746748802190280,116.960985626283000,0.00%,66.67%,42.500000000000000,280.000000000000000,127.50,840,4.00,1
1,49,41640,7.203285420944560,86.439425051334700,4,0,0,0,1,0,1-Oct-14,3.000,12.000000000000000,20.00%,0,1,1,0,1,0.747433264887064,8.969199178644760,1,0,0,100.00%,100.00%,35.000000000000000,105.000000000000000,35,105,1-Feb-17,6.000000000000000,30.00,16.67%,0,1,0,1,4,2.338124572210810,3.085557837097880,37.026694045174500,25.00%,75.00%,45.500000000000000,275.000000000000000,182.00,1100,4.00,1
1,93,40909,9.204654346338120,110.455852156057000,4,0,0,0,1,0,1-Jan-15,1.500,6.000000000000000,20.00%,0,1,1,0,3,3.000684462696780,36.008213552361400,0,1,0,33.33%,66.67%,18.000000000000000,55.000000000000000,54,165,1-Oct-17,3.100000000000000,15.00,17.13%,0,1,1,0,6,2.748802190280630,5.749486652977410,68.993839835728900,16.67%,50.00%,25.000000000000000,155.000000000000000,150.00,930,4.00,1
1,99,42370,5.204654346338120,62.455852156057500,4,0,0,0,1,0,24-Sep-17,0.200,4.000000000000000,4.76%,1,0,0,1,2,1.730321697467490,20.763860369609900,0,0,0,0.00%,0.00%,27.000000000000000,194.000000000000000,54,388,10-Jan-19,0.100000000000000,13.00,0.76%,1,0,0,1,2,1.313888888888890,3.025325119780970,36.303901437371700,0.00%,0.00%,27.000000000000000,194.000000000000000,54.00,388,4.00,1
1,112,34335,27.203285420944600,326.439425051335000,4,0,0,0,1,0,1-Oct-99,1.250,6.000000000000000,17.24%,0,1,0,1,2,5.746748802190280,68.960985626283400,1,0,0,50.00%,50.00%,20.000000000000000,75.000000000000000,40,150,1-Aug-03,2.100000000000000,15.00,12.28%,0,1,0,1,3,3.832991101984940,9.579739904175220,114.956878850103000,33.33%,66.67%,29.000000000000000,85.000000000000000,87.00,255,4.00,1
1,116,41275,8.202600958247770,98.431211498973300,4,0,0,0,1,0,1-Jan-16,3.000,9.000000000000000,25.00%,0,1,0,1,1,2.997946611909650,35.975359342915800,0,1,0,100.00%,0.00%,25.000000000000000,75.000000000000000,25,75,1-Jan-18,3.700000000000000,18.00,17.05%,0,1,0,1,2,2.001368925393570,4.999315537303220,59.991786447638600,50.00%,50.00%,20.000000000000000,100.000000000000000,40.00,200,4.00,1
1,125,41275,8.202600958247770,98.431211498973300,4,0,0,0,1,0,2-Oct-16,2.200,6.000000000000000,26.83%,0,1,0,1,4,3.750855578370980,45.010266940451700,0,0,0,0.00%,50.00%,20.000000000000000,55.000000000000000,80,220,9-Oct-18,4.000000000000000,25.00,13.79%,0,1,0,1,9,2.017796030116360,5.768651608487340,69.223819301848000,22.22%,77.78%,37.000000000000000,290.000000000000000,333.00,2610,4.00,1
1,126,42370,5.204654346338120,62.455852156057500,4,0,0,0,1,0,1-Jun-17,1.300,5.000000000000000,20.63%,0,1,0,1,7,1.415468856947300,16.985626283367600,1,0,0,14.29%,57.14%,22.000000000000000,10.000000000000000,154,70,1-Apr-18,13.600000000000000,35.00,27.98%,0,1,0,1,8,0.832306639288159,2.247775496235460,26.973305954825500,25.00%,75.00%,47.000000000000000,287.000000000000000,376.00,2296,4.00,1
1,191,41640,7.203285420944560,86.439425051334700,4,0,0,0,1,0,1-Aug-15,1.500,4.000000000000000,27.27%,1,0,0,1,7,1.579739904175220,18.956878850102700,0,0,0,0.00%,42.86%,33.000000000000000,35.000000000000000,231,245,1-Dec-16,7.000000000000000,30.00,18.92%,0,1,1,0,8,1.336071184120470,2.915811088295690,34.989733059548300,0.00%,75.00%,40.000000000000000,300.000000000000000,320.00,2400,4.00,1
1,199,39448,13.204654346338100,158.455852156057000,4,0,0,0,1,0,1-Oct-10,4.000,12.000000000000000,25.00%,1,0,0,1,1,2.748802190280630,32.985626283367600,1,0,0,100.00%,0.00%,45.000000000000000,91.000000000000000,45,91,1-Dec-12,7.000000000000000,25.00,21.88%,0,1,1,0,2,2.168377823408620,4.917180013689250,59.006160164271100,50.00%,100.00%,31.670000000000000,150.000000000000000,63.34,300,4.00,1
1,252,40179,11.203285420944600,134.439425051335000,4,0,0,0,1,0,1-Jun-10,1.200,4.000000000000000,23.08%,0,1,0,1,2,0.413415468856947,4.960985626283370,0,0,0,0.00%,25.00%,27.000000000000000,32.000000000000000,54,64,1-Jun-13,4.400000000000000,20.00,18.03%,0,1,0,1,4,3.000684462696780,3.414099931553730,40.969199178644800,0.00%,62.50%,38.500000000000000,110.000000000000000,154.00,440,4.00,1
1,261,42005,6.203969883641340,74.447638603696100,4,0,0,0,1,0,1-Jan-16,1.250,4.000000000000000,23.81%,0,1,0,1,2,0.999315537303217,11.991786447638600,1,1,0,100.00%,50.00%,31.000000000000000,22.000000000000000,62,44,11-Mar-18,1.800000000000000,20.00,8.26%,0,1,0,1,6,2.190280629705680,3.189596167008900,38.275154004106800,33.33%,16.67%,35.000000000000000,85.000000000000000,210.00,510,4.00,1
1,293,41640,7.203285420944560,86.439425051334700,4,0,0,0,1,0,1-Jan-14,3.000,9.000000000000000,25.00%,0,1,0,1,2,1.290000000000000,15.480000000000000,0,0,0,0.00%,100.00%,27.500000000000000,302.500000000000000,55,605,22-Oct-14,5.000000000000000,15.00,25.00%,1,0,0,1,2,0.816666666666667,0.804928131416838,9.659137577002050,0.00%,100.00%,27.500000000000000,302.500000000000000,55.00,605,4.00,1
1,303,42005,6.203969883641340,74.447638603696100,4,0,0,0,1,0,1-Aug-15,1.100,3.000000000000000,26.83%,0,1,0,1,3,0.580424366872005,6.965092402464070,0,0,0,0.00%,0.67%,33.000000000000000,15.000000000000000,99,45,12-Nov-18,7.000000000000000,15.00,31.82%,0,1,0,1,6,3.282683093771390,3.863107460643390,46.357289527720700,0.00%,17.00%,22.000000000000000,90.000000000000000,132.00,540,4.00,1
1,330,40179,11.203285420944600,134.439425051335000,4,0,0,0,1,0,1-Jan-11,4.000,10.000000000000000,28.57%,0,1,1,0,3,0.999315537303217,11.991786447638600,1,1,0,66.67%,0.00%,45.000000000000000,125.000000000000000,135,375,1-Feb-15,18.000000000000000,35.00,33.96%,0,1,0,1,6,4.084873374401090,5.084188911704310,61.010266940451700,33.33%,50.00%,44.670000000000000,180.000000000000000,268.02,1080,4.00,1
1,351,41275,8.202600958247770,98.431211498973300,4,0,0,0,1,0,1-Oct-14,3.000,9.000000000000000,25.00%,0,1,1,0,2,1.746748802190280,20.960985626283400,0,0,0,0.00%,50.00%,35.000000000000000,120.000000000000000,70,240,13-Feb-17,14.800000000000000,37.00,28.57%,0,1,1,0,5,2.370978781656400,4.117727583846680,49.412731006160200,0.00%,60.00%,43.000000000000000,301.000000000000000,215.00,1505,4.00,1
1,396,42005,6.203969883641340,74.447638603696100,4,0,0,0,1,0,1-Jan-17,3.000,8.000000000000000,27.27%,0,1,1,0,3,2.001368925393570,24.016427104722800,0,1,0,33.33%,33.33%,38.000000000000000,105.000000000000000,114,315,1-Jan-19,5.000000000000000,15.00,25.00%,0,1,1,0,5,1.998631074606430,4.000000000000000,48.000000000000000,40.00%,20.00%,12.500000000000000,58.000000000000000,62.50,290,4.00,1
1,397,42736,4.202600958247780,50.431211498973300,4,0,0,0,1,0,1-Oct-17,3.000,8.000000000000000,27.27%,0,1,0,1,3,0.747433264887064,8.969199178644760,0,0,0,0.00%,66.67%,29.000000000000000,175.000000000000000,87,525,1-Aug-19,5.000000000000000,15.00,25.00%,0,1,0,1,4,1.831622176591380,2.579055441478440,30.948665297741300,0.00%,50.00%,19.500000000000000,110.000000000000000,78.00,440,4.00,1
1,408,42005,6.203969883641340,74.447638603696100,4,0,0,0,1,0,1-Jan-16,3.000,8.000000000000000,27.27%,0,1,0,1,3,0.999315537303217,11.991786447638600,1,0,0,33.33%,33.33%,41.000000000000000,140.000000000000000,123,420,1-Jan-18,9.000000000000000,21.00,30.00%,0,1,0,1,5,2.001368925393570,3.000684462696780,36.008213552361400,40.00%,60.00%,34.500000000000000,175.000000000000000,172.50,875,4.00,1
1,529,39448,13.204654346338100,158.455852156057000,4,0,0,0,1,0,1-Mar-08,0.500,3.000000000000000,14.29%,0,1,0,1,1,0.164271047227926,1.971252566735110,0,0,0,0.00%,0.00%,74.000000000000000,0.000000000000000,74,0,27-Apr-10,2.350000000000000,12.00,16.38%,0,1,0,1,2,2.186111111111110,2.318959616700890,27.827515400410700,0.00%,0.00%,76.500000000000000,161.500000000000000,153.00,323,4.00,1
1,568,31413,35.203285420944600,422.439425051335000,4,0,0,0,1,0,1-Apr-98,1.000,5.000000000000000,16.67%,1,0,0,1,3,12.246406570841900,146.956878850103000,0,0,0,0.00%,33.33%,39.666666666666700,85.000000000000000,119,255,14-Jan-07,13.000000000000000,30.00,30.23%,1,0,0,1,4,8.916666666666670,21.034907597535900,252.418891170431000,0.00%,25.00%,34.000000000000000,79.250000000000000,136.00,317,4.00,1
1,639,38353,16.202600958247800,194.431211498973000,4,0,0,0,1,0,1-Apr-05,1.000,6.000000000000000,14.29%,1,0,0,1,2,0.246406570841889,2.956878850102670,0,0,0,0.00%,50.00%,16.500000000000000,189.500000000000000,33,379,9-Oct-13,10.000000000000000,23.50,29.85%,1,0,0,1,4,8.647222222222220,8.769336071184120,105.232032854209000,0.00%,25.00%,21.250000000000000,168.000000000000000,85.00,672,4.00,1
1,653,38353,16.202600958247800,194.431211498973000,4,0,0,0,1,0,,2.000,9.000000000000000,18.18%,0,1,0,1,3,1.290000000000000,15.480000000000000,0,0,0,0.00%,33.33%,13.666666666666700,61.666666666666700,41,185,1-May-14,6.350000000000000,22.00,22.40%,0,1,0,1,3,2.080000000000000,9.327857631759070,111.934291581109000,0.00%,33.33%,13.666666666666700,61.666666666666700,41.00,185,4.00,1
1,655,35796,23.203285420944600,278.439425051335000,4,0,0,0,1,0,,0.500,5.000000000000000,9.09%,0,1,1,0,1,1.290000000000000,15.480000000000000,0,0,0,0.00%,0.00%,0.000000000000000,0.000000000000000,0,0,1-Mar-00,2.000000000000000,9.00,18.18%,0,1,1,0,2,2.080000000000000,2.162902121834360,25.954825462012300,0.00%,0.00%,23.000000000000000,64.000000000000000,46.00,128,4.00,1
1,729,39814,12.202600958247800,146.431211498973000,4,0,0,0,1,0,1-Jun-10,2.000,8.000000000000000,20.00%,0,1,1,0,3,1.412731006160160,16.952772073922000,0,0,0,0.00%,0.00%,11.000000000000000,48.333333333333300,33,145,1-Oct-13,10.000000000000000,30.00,25.00%,1,0,1,0,3,3.383333333333330,4.747433264887060,56.969199178644800,0.00%,0.00%,11.000000000000000,48.333333333333300,33.00,145,4.00,1
1,753,35431,24.202600958247800,290.431211498973000,4,0,0,0,1,0,,0.200,3.000000000000000,6.25%,0,1,0,1,3,1.290000000000000,15.480000000000000,0,0,0,0.00%,33.33%,14.666666666666700,85.000000000000000,44,255,1-Jun-99,0.400000000000000,3.00,11.76%,0,1,0,1,3,2.080000000000000,2.412046543463380,28.944558521560600,0.00%,33.33%,14.666666666666700,85.000000000000000,44.00,255,4.00,1
1,778,40909,9.204654346338120,110.455852156057000,4,0,0,0,1,0,1-May-12,0.100,3.000000000000000,3.23%,0,1,0,1,7,0.331279945242984,3.975359342915810,0,1,0,14.29%,28.57%,29.714285714285700,332.000000000000000,208,2324,25-Jun-13,6.000000000000000,20.00,23.08%,1,0,0,1,8,1.166666666666670,1.481177275838470,17.774127310061600,12.50%,25.00%,39.125000000000000,307.625000000000000,313.00,2461,4.00,1
1,812,42005,6.203969883641340,74.447638603696100,4,0,0,0,1,0,1-Jun-16,2.000,10.000000000000000,16.67%,0,1,0,1,6,1.415468856947300,16.985626283367600,0,0,0,0.00%,66.67%,36.166666666666700,151.833333333333000,217,911,1-Mar-17,6.000000000000000,22.00,21.43%,0,1,0,1,7,0.758333333333333,2.162902121834360,25.954825462012300,0.00%,57.14%,43.142857142857100,130.142857142857000,302.00,911,4.00,1
1,834,40179,11.203285420944600,134.439425051335000,4,0,0,0,1,0,16-Sep-10,1.300,10.000000000000000,11.50%,0,1,1,0,5,0.706365503080082,8.476386036960990,0,0,0,0.00%,20.00%,21.600000000000000,177.800000000000000,108,889,22-Nov-12,3.000000000000000,6.50,31.58%,0,1,1,0,7,2.216666666666670,2.891170431211500,34.694045174538000,0.00%,14.29%,27.857142857142900,294.142857142857000,195.00,2059,4.00,1
1,845,40179,11.203285420944600,134.439425051335000,4,0,0,0,1,0,1-Jan-10,3.000,9.000000000000000,25.00%,1,0,0,1,4,1.290000000000000,15.480000000000000,0,0,0,0.00%,0.00%,31.000000000000000,267.500000000000000,124,1070,6-Nov-13,5.000000000000000,20.00,20.00%,0,1,0,1,5,3.902777777777780,3.846680355920600,46.160164271047200,0.00%,0.00%,24.800000000000000,282.000000000000000,124.00,1410,4.00,1
0,1122,2014,6.000000000000000,72.000000000000000,Semiconductors,0,0,0,0,1,,,,,,,,,1,,,0,0,,0.00%,100.00%,15.000000000000000,0.000000000000000,15,0,,,,,,,,,,,,,,,,,,,5.00,0
1,260,42370,5.204654346338120,62.455852156057500,5,0,0,0,0,1,1-Dec-16,0.200,10.000000000000000,1.96%,1,0,0,1,3,0.917180013689254,11.006160164271000,0,0,0,0.00%,0.00%,31.666666666666700,229.666666666667000,95,689,20-Nov-19,20.000000000000000,50.00,28.57%,1,0,0,1,4,3.011111111111110,3.885010266940450,46.620123203285400,0.00%,0.00%,34.500000000000000,300.750000000000000,138.00,1203,5.00,0
1,339,36161,22.203969883641300,266.447638603696000,5,0,0,0,0,1,,0.500,2.000000000000000,20.00%,0,1,0,1,3,1.290000000000000,15.480000000000000,0,0,0,0.00%,0.00%,18.000000000000000,0.000000000000000,54,0,,1.000000000000000,4.00,20.00%,0,1,0,1,3,2.080000000000000,3.170000000000000,38.040000000000000,0.00%,0.00%,18.000000000000000,0.000000000000000,54.00,0,5.00,0
1,443,37622,18.203969883641300,218.447638603696000,5,0,0,0,0,1,1-Oct-03,1.000,6.000000000000000,14.29%,0,1,0,1,5,0.747433264887064,8.969199178644760,0,0,0,0.00%,0.00%,29.200000000000000,124.200000000000000,146,621,23-Aug-05,10.800000000000000,25.00,30.17%,0,1,0,1,7,1.922222222222220,2.642026009582480,31.704312114989700,0.00%,0.00%,55.857142857142900,249.142857142857000,391.00,1744,5.00,0
1,448,39448,13.204654346338100,158.455852156057000,5,0,0,0,0,1,15-Jan-09,5.500,15.000000000000000,26.83%,0,1,0,1,6,1.040383299110200,12.484599589322400,0,0,0,0.00%,0.00%,40.833333333333300,292.500000000000000,245,1755,1-Jun-13,15.000000000000000,35.00,30.00%,0,1,1,0,6,4.438888888888890,5.415468856947300,64.985626283367600,0.00%,0.00%,40.833333333333300,292.500000000000000,245.00,1755,5.00,0
1,606,42370,5.204654346338120,62.455852156057500,5,0,0,0,0,1,,4.000,20.000000000000000,16.67%,0,1,0,1,7,1.290000000000000,15.480000000000000,0,0,0,0.00%,28.57%,25.000000000000000,251.285714285714000,175,1759,21-Mar-16,9.000000000000000,35.00,20.45%,0,1,0,1,7,2.080000000000000,0.219028062970568,2.628336755646820,0.00%,28.57%,25.000000000000000,251.285714285714000,175.00,1759,5.00,0
1,673,40179,11.203285420944600,134.439425051335000,5,0,0,0,0,1,1-Apr-10,5.000,35.000000000000000,12.50%,0,1,0,1,5,0.246406570841889,2.956878850102670,1,1,0,40.00%,40.00%,50.600000000000000,356.600000000000000,253,1783,5-Nov-13,15.000000000000000,100.00,13.04%,1,0,0,1,6,3.650000000000000,3.843942505133470,46.127310061601600,33.33%,50.00%,42.166666666666700,338.166666666667000,253.00,2029,5.00,0
1,733,35431,24.202600958247800,290.431211498973000,5,0,0,0,0,1,,1.500,4.000000000000000,27.27%,0,1,1,0,4,1.290000000000000,15.480000000000000,0,0,0,0.00%,0.00%,54.750000000000000,410.250000000000000,219,1641,30-Nov-00,8.000000000000000,56.00,12.50%,0,1,1,0,5,2.080000000000000,3.912388774811770,46.948665297741300,0.00%,0.00%,62.600000000000000,587.400000000000000,313.00,2937,5.00,0
1,819,38718,15.203285420944600,182.439425051335000,5,0,0,0,0,1,,4.000,15.000000000000000,21.05%,0,1,0,1,1,1.290000000000000,15.480000000000000,0,1,0,100.00%,0.00%,16.000000000000000,0.000000000000000,16,0,16-Jul-07,7.000000000000000,40.00,14.89%,0,1,0,1,2,2.080000000000000,1.535934291581110,18.431211498973300,50.00%,0.00%,21.000000000000000,120.000000000000000,42.00,240,5.00,0
1,820,42370,5.204654346338120,62.455852156057500,5,0,0,0,0,1,,7.500,25.000000000000000,23.08%,0,1,0,1,6,1.290000000000000,15.480000000000000,0,0,0,0.00%,0.00%,27.500000000000000,310.333333333333000,165,1862,2-Jan-16,15.000000000000000,90.00,14.29%,0,1,0,1,8,2.080000000000000,0.002737850787132,0.032854209445585,0.00%,25.00%,31.500000000000000,379.000000000000000,252.00,3032,5.00,0
1,844,42370,5.204654346338120,62.455852156057500,5,0,0,0,0,1,1-Jan-17,4.000,20.000000000000000,16.67%,0,1,0,1,4,1.002053388090350,12.024640657084200,0,0,0,0.00%,25.00%,27.250000000000000,218.500000000000000,109,874,2-Nov-17,5.000000000000000,45.00,10.00%,0,1,1,0,6,0.847222222222222,1.837097878165640,22.045174537987700,0.00%,16.67%,32.166666666666700,275.333333333333000,193.00,1652,5.00,0
1,27,42370,5.204654346338120,62.455852156057500,5,0,0,0,0,1,22-Mar-17,6.500,20.000000000000000,24.53%,0,1,1,0,5,1.221081451060920,14.652977412731000,1,0,0,20.00%,40.00%,50.000000000000000,240.000000000000000,250,1200,6-Mar-19,22.000000000000000,50.00,30.56%,0,1,0,1,7,1.954825462012320,3.175906913073240,38.110882956878800,28.57%,2.86%,55.000000000000000,550.000000000000000,385.00,3850,5.00,0
1,81,42736,4.202600958247780,50.431211498973300,5,0,0,0,0,1,1-Feb-18,0.800,3.000000000000000,21.05%,0,1,0,1,5,1.084188911704310,13.010266940451700,0,0,0,0.00%,0.00%,25.000000000000000,100.000000000000000,125,500,16-Jan-19,28.000000000000000,55.00,33.73%,0,1,0,1,6,0.955509924709103,2.039698836413420,24.476386036961000,16.67%,16.67%,45.000000000000000,500.000000000000000,270.00,3000,5.00,0
1,95,41275,8.202600958247770,98.431211498973300,5,0,0,0,0,1,1-Mar-15,3.000,12.000000000000000,20.00%,0,1,1,0,3,2.160164271047230,25.921971252566700,0,1,0,33.33%,33.33%,29.000000000000000,120.000000000000000,87,360,17-Jul-18,10.000000000000000,60.00,14.29%,0,1,0,1,5,3.378507871321010,5.538672142368240,66.464065708418900,40.00%,26.67%,50.000000000000000,350.000000000000000,250.00,1750,5.00,0
1,121,42005,6.203969883641340,74.447638603696100,5,0,0,0,0,1,1-Jul-17,1.400,5.000000000000000,21.88%,1,0,0,1,3,2.496919917864480,29.963039014373700,0,0,0,0.00%,0.00%,22.000000000000000,125.000000000000000,66,375,10-Sep-19,3.200000000000000,10.00,24.24%,0,1,1,0,5,2.193018480492810,4.689938398357290,56.279260780287500,20.00%,20.00%,20.000000000000000,250.000000000000000,100.00,1250,5.00,0
1,127,42736,4.202600958247780,50.431211498973300,5,0,0,0,0,1,27-Dec-17,9.000,30.000000000000000,23.08%,0,1,0,1,5,0.985626283367556,11.827515400410700,1,0,0,20.00%,60.00%,38.000000000000000,300.000000000000000,190,1500,26-Jun-19,6.400000000000000,25.00,20.38%,0,1,0,1,7,1.494866529774130,2.480492813141680,29.765913757700200,42.86%,31.43%,25.000000000000000,275.000000000000000,175.00,1925,5.00,0
1,128,42370,5.204654346338120,62.455852156057500,5,0,0,0,0,1,25-Sep-16,1.500,5.000000000000000,23.08%,0,1,0,1,4,0.733744010951403,8.804928131416840,0,1,0,25.00%,25.00%,27.000000000000000,250.000000000000000,108,1000,20-May-20,6.100000000000000,21.00,22.51%,0,1,0,1,6,3.649555099247090,4.383299110198490,52.599589322381900,16.67%,37.50%,33.000000000000000,310.000000000000000,198.00,1860,5.00,0
1,129,42736,4.202600958247780,50.431211498973300,5,0,0,0,0,1,1-Jan-17,0.250,3.000000000000000,7.69%,1,0,0,1,3,0.000000000000000,0.000000000000000,0,0,0,0.00%,0.00%,18.000000000000000,180.000000000000000,54,540,14-Jan-18,11.000000000000000,45.00,19.64%,0,1,0,1,5,1.034907597535930,1.034907597535930,12.418891170431200,20.00%,40.00%,35.000000000000000,570.000000000000000,175.00,2850,5.00,0
1,130,42736,4.202600958247780,50.431211498973300,5,0,0,0,0,1,5-Dec-17,5.000,20.000000000000000,20.00%,0,1,1,0,4,0.925393566050650,11.104722792607800,1,0,0,25.00%,75.00%,35.000000000000000,250.000000000000000,140,1000,27-Jun-19,9.000000000000000,42.00,17.65%,0,1,1,0,6,1.557837097878170,2.483230663928820,29.798767967145800,33.33%,37.50%,42.000000000000000,490.000000000000000,252.00,2940,5.00,0
1,150,42736,4.202600958247780,50.431211498973300,5,0,0,0,0,1,1-Dec-17,20.000,50.000000000000000,28.57%,0,1,0,1,4,0.914442162902122,10.973305954825500,1,0,0,25.00%,100.00%,40.000000000000000,240.000000000000000,160,960,1-Nov-18,6.000000000000000,22.00,21.43%,0,1,0,1,5,0.917180013689254,1.831622176591380,21.979466119096500,20.00%,25.00%,50.000000000000000,330.000000000000000,250.00,1650,5.00,0
1,156,42005,6.203969883641340,74.447638603696100,5,0,0,0,0,1,1-Jan-15,0.400,3.000000000000000,11.76%,1,0,0,1,3,0.000000000000000,0.000000000000000,0,0,0,0.00%,0.00%,29.000000000000000,180.000000000000000,87,540,8-Jul-19,4.000000000000000,15.00,21.05%,0,1,1,0,4,4.514715947980830,4.514715947980830,54.176591375770000,0.00%,25.00%,41.000000000000000,260.000000000000000,164.00,1040,5.00,0
1,164,41640,7.203285420944560,86.439425051334700,5,0,0,0,0,1,1-Sep-16,0.450,2.000000000000000,18.37%,1,0,0,1,3,2.666666666666670,32.000000000000000,0,0,0,0.00%,33.33%,15.000000000000000,0.000000000000000,45,0,1-Jul-19,2.000000000000000,7.00,22.22%,1,0,0,1,4,2.828199863107460,5.494866529774130,65.938398357289500,0.00%,25.00%,24.000000000000000,100.000000000000000,96.00,400,5.00,0
1,206,42005,6.203969883641340,74.447638603696100,5,0,0,0,0,1,1-Nov-15,0.750,3.000000000000000,20.00%,1,0,0,1,3,0.832306639288159,9.987679671457910,0,0,0,0.00%,33.33%,27.000000000000000,110.000000000000000,81,330,19-Mar-18,2.000000000000000,8.00,20.00%,1,0,1,0,4,2.379192334017800,3.211498973305950,38.537987679671500,0.00%,0.00%,38.000000000000000,0.000000000000000,152.00,0,5.00,0
1,219,41640,7.203285420944560,86.439425051334700,5,0,0,0,0,1,1-Jan-18,3.500,9.000000000000000,28.00%,0,1,0,1,4,4.000000000000000,48.000000000000000,1,0,0,25.00%,25.00%,28.000000000000000,0.000000000000000,112,0,28-May-19,7.000000000000000,25.00,21.88%,0,1,1,0,5,1.401779603011640,5.401779603011640,64.821355236139600,40.00%,25.00%,38.000000000000000,190.000000000000000,190.00,950,5.00,0
1,225,41275,8.202600958247770,98.431211498973300,5,0,0,0,0,1,1-Jan-14,1.000,3.000000000000000,25.00%,1,0,0,1,3,0.999315537303217,11.991786447638600,0,0,0,0.00%,33.33%,20.000000000000000,100.000000000000000,60,300,5-Apr-16,7.500000000000000,15.00,33.33%,0,1,0,1,4,2.258726899383980,3.258042436687200,39.096509240246400,25.00%,25.00%,25.000000000000000,176.000000000000000,100.00,704,5.00,0
1,271,39083,14.203969883641300,170.447638603696000,5,0,0,0,0,1,30-Dec-08,2.000,5.000000000000000,28.57%,1,0,0,1,3,1.995893223819300,23.950718685831600,0,0,0,0.00%,66.67%,26.000000000000000,150.000000000000000,78,450,1-Jun-15,2.000000000000000,7.00,22.22%,0,1,0,1,4,6.417522245037650,8.413415468856950,100.960985626283000,0.00%,0.00%,22.000000000000000,90.000000000000000,88.00,360,5.00,0
1,311,39083,14.203969883641300,170.447638603696000,5,0,0,0,0,1,1-Jan-08,4.000,14.000000000000000,22.22%,0,1,0,1,4,0.999315537303217,11.991786447638600,0,1,0,25.00%,25.00%,30.000000000000000,340.000000000000000,120,1360,1-Jun-12,4.000000000000000,10.00,28.57%,1,0,1,0,5,4.416153319644080,5.415468856947300,64.985626283367600,20.00%,45.00%,30.000000000000000,125.000000000000000,150.00,625,5.00,0
1,320,38353,16.202600958247800,194.431211498973000,5,0,0,0,0,1,1-Jan-07,2.000,5.000000000000000,28.57%,1,0,0,1,4,1.998631074606430,23.983572895277200,0,0,0,0.00%,25.00%,28.000000000000000,125.000000000000000,112,500,1-Mar-10,3.500000000000000,10.00,25.93%,1,0,0,1,5,3.162217659137580,5.160848733744010,61.930184804928100,0.00%,20.00%,38.000000000000000,100.000000000000000,190.00,500,5.00,0
1,323,38353,16.202600958247800,194.431211498973000,5,0,0,0,0,1,1-Jan-06,1.100,2.000000000000000,35.48%,1,0,0,1,3,0.999315537303217,11.991786447638600,0,1,0,33.33%,0.00%,25.000000000000000,0.000000000000000,75,0,28-Jan-08,5.000000000000000,18.00,21.74%,0,1,0,1,4,2.072553045859000,3.071868583162220,36.862422997946600,25.00%,8.33%,30.000000000000000,78.000000000000000,120.00,312,5.00,0
1,331,41640,7.203285420944560,86.439425051334700,5,0,0,0,0,1,1-Jan-18,2.100,5.000000000000000,29.58%,1,0,0,1,3,4.000000000000000,48.000000000000000,0,0,0,0.00%,0.00%,31.000000000000000,200.000000000000000,93,600,7-Aug-19,6.500000000000000,20.00,24.53%,0,1,0,1,5,1.596167008898020,5.596167008898020,67.154004106776200,20.00%,40.00%,37.000000000000000,200.000000000000000,185.00,1000,5.00,0
1,394,42736,4.202600958247780,50.431211498973300,5,0,0,0,0,1,1-Feb-18,4.000,12.000000000000000,25.00%,0,1,0,1,4,1.084188911704310,13.010266940451700,1,0,0,25.00%,50.00%,27.000000000000000,280.000000000000000,108,1120,1-Jan-19,5.000000000000000,15.00,25.00%,0,1,0,1,5,0.914442162902122,1.998631074606430,23.983572895277200,20.00%,5.00%,35.000000000000000,140.000000000000000,175.00,700,5.00,0
